Workbook

Sheet 현황판
A1: 핏크닉 강사 모집 현황판
A2: ="기준일: "&TEXT(TODAY(),"yyyy년 mm월 dd일")&" — 강사모집 탭 상태 자동 반영" -> 기준일: 2026년 04월 01일 — 강사모집 탭 상태 자동 반영
B3: 발송 완료 | D3: 응답 | F3: 미팅 | H3: 계약
B4: =COUNTIF('강사모집'!B2:B996,"진행 중")+COUNTIF('강사모집'!B2:B996,"계약 완료") -> 283 | D4: =COUNTIF('진행중'!X2:X1000,"진행 중")+COUNTIF('진행중'!X2:X1000,"미팅 완료")+COUNTIF('진행중'!X2:X1000,"계약 완료") -> 9 | F4: =COUNTIF('진행중'!X2:X1000,"미팅 완료")+COUNTIF('진행중'!X2:X1000,"계약 완료") -> 8 | H4: =COUNTIF('강사모집'!B2:B996,"계약 완료") -> 8
B6: 응답률 | D6: 미팅 전환율 | F6: 계약 전환율 | H6: 발송 대비 계약
B7: =IFERROR(D4/B4,0) -> 0.03180212 | D7: =IFERROR(F4/D4,0) -> 0.88888889 | F7: =IFERROR(H4/F4,0) -> 1 | H7: =IFERROR(H4/B4,0) -> 0.028268551
B9: 상태별 현황 | F9: 본부장님 확인 필요
B10: 상태 | C10: 인원 | D10: 비율 | F10: 컨펌 대기 중
B11: 미검토 | C11: =COUNTIF('강사모집'!B2:B996,"미검토") -> 15 | D11: =IFERROR(C11/SUM(C$11:C$18),0) -> 0.018495684 | F11: =COUNTIF('강사모집'!B2:B996,"컨펌 필요") -> 3
B12: 컨펌 필요 | C12: =COUNTIF('강사모집'!B2:B996,"컨펌 필요") -> 3 | D12: =IFERROR(C12/SUM(C$11:C$18),0) -> 0.0036991369 | F12: 명이 컨펌을 기다리고 있어요
B13: 발송 예정 | C13: =COUNTIF('강사모집'!B2:B996,"발송 예정") -> 0 | D13: =IFERROR(C13/SUM(C$11:C$18),0) -> 0 | F13: 강사모집 탭에서 "컨펌 필요" 선택 시 자동 반영
B14: 진행 중 | C14: =COUNTIF('강사모집'!B2:B996,"진행 중") -> 275 | D14: =IFERROR(C14/SUM(C$11:C$18),0) -> 0.33908755
B15: 계약 완료 | C15: =COUNTIF('강사모집'!B2:B996,"계약 완료") -> 8 | D15: =IFERROR(C15/SUM(C$11:C$18),0) -> 0.009864365 | F15: 전체 강사 후보
B16: 제외 | C16: =COUNTIF('강사모집'!B2:B996,"제외") -> 485 | D16: =IFERROR(C16/SUM(C$11:C$18),0) -> 0.59802713 | F16: =COUNTA('강사모집'!F2:F996) -> 810
B17: 보류 | C17: =COUNTIF('강사모집'!B2:B996,"보류") -> 19 | D17: =IFERROR(C17/SUM(C$11:C$18),0) -> 0.023427867
B18: 거절 | C18: =COUNTIF('강사모집'!B2:B996,"거절") -> 6 | D18: =IFERROR(C18/SUM(C$11:C$18),0) -> 0.0073982737
B20: 인바운드 지원서 현황
B21: 폼 | C21: 미확인 | D21: 확인완료
B22: 핏크닉메타 | C22: =IFERROR(COUNTIF('핏크닉메타'!N4:N500,"미확인")+COUNTBLANK('핏크닉메타'!N4:N500)-COUNTBLANK('핏크닉메타'!A4:A500),0) -> -83 | D22: =IFERROR(COUNTIF('핏크닉메타'!N4:N500,"확인완료"),0) -> 83
B23: 핏크닉홈페이지 | C23: =IFERROR(COUNTIF('핏크닉홈'!M4:M500,"미확인")+COUNTBLANK('핏크닉홈'!M4:M500)-COUNTBLANK('핏크닉홈'!A4:A500),0) -> 1 | D23: =IFERROR(COUNTIF('핏크닉홈'!M4:M500,"확인완료"),0) -> 60
B24: 머니업홈페이지 | C24: =IFERROR(COUNTIF('머니업홈'!M4:M500,"미확인")+COUNTBLANK('머니업홈'!M4:M500)-COUNTBLANK('머니업홈'!A4:A500),0) -> 3 | D24: =IFERROR(COUNTIF('머니업홈'!M4:M500,"확인완료"),0) -> 32
B25: 핏크닉카페 | C25: =IFERROR(COUNTIF('핏크닉카'!L4:L500,"미확인")+COUNTBLANK('핏크닉카'!L4:L500)-COUNTBLANK('핏크닉카'!A4:A500),0) -> 2 | D25: =IFERROR(COUNTIF('핏크닉카'!L4:L500,"확인완료"),0) -> 2
B26: 머니업카페 | C26: =IFERROR(COUNTIF('머니업카'!L4:L500,"미확인")+COUNTBLANK('머니업카'!L4:L500)-COUNTBLANK('머니업카'!A4:A500),0) -> 1 | D26: =IFERROR(COUNTIF('머니업카'!L4:L500,"확인완료"),0) -> 2
B27: 합계 | C27: =SUM(C22:C26) -> -76 | D27: =SUM(D22:D26) -> 179

Sheet 강사모집
A1: ㅜ | B1: 상태 | C1: 제외/보류 사유 | D1: 분야 | E1: 담당자 | F1: 강사 이름 | G1: 참조 링크 | H1: 강의 이력 여부 | I1: 강의 플랫폼 | J1: 유튜브 | K1: 인스타 | L1: 이메일 (링크X 인스타 없는 강사만!) | M1: 비고 | O1: 발송채널 | P1: DM | Q1: 메일 | R1: 1차 발송일 | S1: 1차 결과 | T1: 2차 발송일 | U1: 2차 결과 | V1: 3차 발송일 | W1: 3차 결과 | X1: 최종 상태 | Y1: 미팅 메모 | Z1: 비고
B2: 제외 | C2: 타이탄/앤잡/코주부 강사 | D2: 예시) 삼삼엠투 | E2: 김상원 | F2: 부자꿈틀 | G2: https://www.youtube.com/watch?v=G6cGTwMHq-U | H2: O | I2: 개인 컨설팅 | J2: 부자꿈틀 - 공간대여 여성수 | K2: https://www.instagram.com/booggum/ | O2: =IF(AND(P2=1,Q2=0),"DM",IF(AND(P2=0,Q2=1),"이메일",IF(AND(P2=1,Q2=1),"DM+이메일",""))) | P2: 0 | Q2: 0
B3: 제외 | D3: 사업 컨설팅 | E3: 김지상 | F3: 사업왕 심길후 | G3: https://cafe.naver.com/wwwxodls77/505655 | H3: O | I3: 개인 및 단체 컨설팅, 클래스유 | J3: 사업의 참견 | K3: https://www.instagram.com/simgilhu/ | M3: 아웃- 카페 7만 | O3: =IF(AND(P3=1,Q3=0),"DM",IF(AND(P3=0,Q3=1),"이메일",IF(AND(P3=1,Q3=1),"DM+이메일",""))) | P3: 0 | Q3: 0
B4: 제외 | D4: 영상제작(릴스) | E4: 김서윤 | F4: 영꿀 롱제이 김진아 | G4: https://mkt.taling.me/mkt-vod/reels_1?utm_source=onsight&utm_medium=organic&utm_campaign=reels_purchase&utm_content=homebanner&utm_term=%7Bquery%7D&fbclid=PAY2xjawHR75hleHRuA2FlbQIxMAABpjgESBrwT5IueDKHl99Tf8PGbD_BOSSV71p5Jgi_phe872WvO0GwtV7qQg_aem_K2jZnB_9XzqIpIVsZSjnHw | H4: O | I4: 오프라인 강연 및 탈잉 홈페이지 | J4: https://youtu.be/D-beesDeTC8?si=OHlvnOAFr9DLPQPS | K4: https://www.instagram.com/ggultip_longj?igsh=cjU4YzIxN20wczl5 | M4: 제안아웃-(최근탈잉런칭이유) | O4: =IF(AND(P4=1,Q4=0),"DM",IF(AND(P4=0,Q4=1),"이메일",IF(AND(P4=1,Q4=1),"DM+이메일",""))) | P4: 0 | Q4: 0
B5: 제외 | D5: 에어비엔비 | E5: 정승요 | F5: 부자꿈틀 | H5: O | I5: 업음 | M5: 새로운 사이트에서 하기로함 | O5: =IF(AND(P5=1,Q5=0),"DM",IF(AND(P5=0,Q5=1),"이메일",IF(AND(P5=1,Q5=1),"DM+이메일",""))) | P5: 0 | Q5: 0
B6: 계약 완료 | D6: 해외구매대행 | E6: 정세희 | F6: 핫뜨 | G6: https://www.youtube.com/watch?v=elhxzHXqGRw | H6: O | I6: 개인 컨설팅 | J6: https://www.youtube.com/@hotdd2030/shorts | M6: 연락해봄 (기다림) | O6: =IF(AND(P6=1,Q6=0),"DM",IF(AND(P6=0,Q6=1),"이메일",IF(AND(P6=1,Q6=1),"DM+이메일",""))) | P6: 0 | Q6: 0
B7: 계약 완료 | D7: 구글 온라인 자동화 수입 | E7: 김서윤 | F7: 선한부자 오가닉 | G7: https://class101.net/ko/products/61f68f1cf3a2e1000d780fda | H7: ㅇ | I7: 클래스 101 | J7: https://youtube.com/channel/UChIn7_WTuf2NcRBCvXgv2EA?si=HbthIS3jUHZtK_kV | K7: https://www.instagram.com/positiverich_organic?igsh=MXQwcmx4NDhmc2FhZQ== | M7: 연락해봄 (기다림) | O7: =IF(AND(P7=1,Q7=0),"DM",IF(AND(P7=0,Q7=1),"이메일",IF(AND(P7=1,Q7=1),"DM+이메일",""))) | P7: 0 | Q7: 0
B8: 계약 완료 | G8: https://weolbu.com/product?displaySeq=1002&utm_source=creator&utm_medium=affiliate&utm_campaign=class_organic&utm_content=traffic_creator_24&utm_term=youtube&fbclid=PAY2xjawHdzNVleHRuA2FlbQIxMAABppHOhAX0rOzfKK5kSFLSzIEFFXYHUBaYSTLJ-TOgoP6cQLcCGS8H_a_Igg_aem_-T_zv0UGunC1YUFbHudqEg | I8: 월부닷컴 | O8: =IF(AND(P8=1,Q8=0),"DM",IF(AND(P8=0,Q8=1),"이메일",IF(AND(P8=1,Q8=1),"DM+이메일",""))) | P8: 0 | Q8: 0
B9: 계약 완료 | D9: AI 상세페이지 | E9: 김상원 | F9: 디선제압 | G9: https://www.youtube.com/@%EB%94%94%EC%84%A0%EC%A0%9C%EC%95%95 | H9: X | M9: open.kakao.com/o/gWMf3K3g | O9: =IF(AND(P9=1,Q9=0),"DM",IF(AND(P9=0,Q9=1),"이메일",IF(AND(P9=1,Q9=1),"DM+이메일",""))) | P9: 0 | Q9: 0
B10: 계약 완료 | D10: 상세페이지 기획 (AI) | E10: 정승희 | F10: 페이지부스터 | G10: 유튜브 | H10: X | J10: 유튜브 | M10: 이메일 | O10: =IF(AND(P10=1,Q10=0),"DM",IF(AND(P10=0,Q10=1),"이메일",IF(AND(P10=1,Q10=1),"DM+이메일",""))) | P10: 0 | Q10: 0
B11: 계약 완료 | D11: AI 유튜브 수익화 | E11: 윤원경 | F11: 지인옥 (작가) | G11: 블로그 | H11: ? | I11: 런칭하려고 웨비나받음 | J11: http://www.youtube.com/@%EC%A7%80%EC%9D%B8%EC%98%A5 | K11: https://www.instagram.com/jee_writer?igsh=bHppbnV6dGwybm05 | L11: https://jeeinok.com/ai-youtube-landing | O11: =IF(AND(P11=1,Q11=0),"DM",IF(AND(P11=0,Q11=1),"이메일",IF(AND(P11=1,Q11=1),"DM+이메일",""))) | P11: 0 | Q11: 0
B12: 계약 완료 | D12: AI 숏츠 | E12: 국선우 | F12: 제이 온리 | G12: 인스타 | H12: o | I12: 개인 | K12: https://www.instagram.com/j_only8?utm_source=ig_web_button_share_sheet&igsh=cTJwMG9yZGpoMDh0 | O12: =IF(AND(P12=1,Q12=0),"DM",IF(AND(P12=0,Q12=1),"이메일",IF(AND(P12=1,Q12=1),"DM+이메일",""))) | P12: 0 | Q12: 0
B13: 계약 완료 | D13: AI 상세페이지 | E13: 정승희 | F13: 이지디자인 | G13: 유튜브 | H13: O | I13: 패스트 캠퍼스 | J13: https://www.youtube.com/@EasyDesign_ED/videos | K13: https://www.instagram.com/easy_design.ed/ | L13: easydesign502@gmail.com | M13: 누적 수강생 8,000명 | O13: =IF(AND(P13=1,Q13=0),"DM",IF(AND(P13=0,Q13=1),"이메일",IF(AND(P13=1,Q13=1),"DM+이메일",""))) | P13: 0 | Q13: 0
B14: 진행 중 | D14: 티스토리블로그, 구글애드센스 | E14: 김서윤 | F14: 리뷰요정리남 | G14: https://class101.net/ko/products/5dcd2c1f0bdefc4e498af73e | H14: O | I14: 클래스 101 | J14: https://www.youtube.com/channel/UCRx7_s9Mvw9j2mLSaj6X70g | K14: https://www.instagram.com/reviewyojung/# | L14: reviewyojung@naver.com | O14: =IF(AND(P14=1,Q14=0),"DM",IF(AND(P14=0,Q14=1),"이메일",IF(AND(P14=1,Q14=1),"DM+이메일",""))) -> DM+이메일 | P14: 1 | Q14: 1 | T14: 46108 | U14: 무응답
B15: 제외 | D15: 영상제작(릴스) | E15: 김지상 | F15: 릴스해커 | G15: https://www.reelshacker.co.kr/ | H15: O | I15: 개인 및 단체 컨설팅, 온라인 vod | J15: https://www.youtube.com/@reels_hacker_/videos | K15: https://www.instagram.com/reels___hacker/ | O15: =IF(AND(P15=1,Q15=0),"DM",IF(AND(P15=0,Q15=1),"이메일",IF(AND(P15=1,Q15=1),"DM+이메일",""))) | P15: 0 | Q15: 0
B16: 제외 | D16: 쿠팡 로켓그로스 | E16: 장찬민 | F16: 새끼공룡 모건 | G16: https://www.youtube.com/@morgan-c1c | H16: X | I16: 없음 | M16: 연락해봄 (기다림) | O16: =IF(AND(P16=1,Q16=0),"DM",IF(AND(P16=0,Q16=1),"이메일",IF(AND(P16=1,Q16=1),"DM+이메일",""))) | P16: 0 | Q16: 0
B17: 제외 | D17: 현금 에어드랍 | E17: 김상원 | F17: 머니메이커 | M17: 댓글써봄(기다림) | O17: =IF(AND(P17=1,Q17=0),"DM",IF(AND(P17=0,Q17=1),"이메일",IF(AND(P17=1,Q17=1),"DM+이메일",""))) | P17: 0 | Q17: 0
B18: 제외 | C18: 타이탄/앤잡/코주부 강사 | D18: 에어비엔비 | E18: 정승요 | F18: 최사장 | H18: O | O18: =IF(AND(P18=1,Q18=0),"DM",IF(AND(P18=0,Q18=1),"이메일",IF(AND(P18=1,Q18=1),"DM+이메일",""))) | P18: 0 | Q18: 0
B19: 제외 | D19: 소셜링 | E19: 정세희 | F19: 유리마제 | G19: https://millmus.com/lecture/detail/129 | H19: O | I19: 개인 컨설팅, 밀머스 | J19: 유리마제 : 재밌게 돈벌기 달인 | K19: https://www.instagram.com/_yurimage/ | M19: 댓글써봄(기다림) | O19: =IF(AND(P19=1,Q19=0),"DM",IF(AND(P19=0,Q19=1),"이메일",IF(AND(P19=1,Q19=1),"DM+이메일",""))) | P19: 0 | Q19: 0
B20: 제외 | D20: 비트코인 | E20: 김서윤 | F20: 돈복남 | G20: https://youtu.be/eVSkY_cd0D8?si=MfREs5Z55theFrzd | H20: O | I20: 자체 오프라인 강의 및 단체 컨설팅(디스코드, 유튜브 멤버십) | J20: https://www.youtube.com/@TV-kc6ue | K20: https://www.instagram.com/donboknam_real/?hl=ko | M20: 이미 타이탄에서함 | O20: =IF(AND(P20=1,Q20=0),"DM",IF(AND(P20=0,Q20=1),"이메일",IF(AND(P20=1,Q20=1),"DM+이메일",""))) | P20: 0 | Q20: 0
B21: 제외 | D21: 꽃 위탁판매 | E21: 김서윤 | F21: 김윤화 | G21: https://youtu.be/cd9eRQGjfqo?si=wR_LhTKqwja7m9wF | H21: O | I21: 개인 | J21: https://www.youtube.com/channel/UCSiBYGuWPLiuqLneE6iAtdg | M21: 연락해봄 (기다림) | O21: =IF(AND(P21=1,Q21=0),"DM",IF(AND(P21=0,Q21=1),"이메일",IF(AND(P21=1,Q21=1),"DM+이메일",""))) | P21: 0 | Q21: 0
B22: 제외 | D22: 앱테크 수익화 | E22: 장찬민 | F22: 재택알바남 | G22: https://onemorething9196.imweb.me/home | H22: O | I22: 원모어띵 | J22: https://www.youtube.com/@homejobman | M22: 이상함 | O22: =IF(AND(P22=1,Q22=0),"DM",IF(AND(P22=0,Q22=1),"이메일",IF(AND(P22=1,Q22=1),"DM+이메일",""))) | P22: 0 | Q22: 0
B23: 진행 중 | D23: 생성형 AI | E23: 김지상 | F23: 챗GPT강사 이도혜 | H23: O | I23: 개인 | J23: https://www.youtube.com/@chatgpt.114/videos | K23: https://www.instagram.com/tiffany_story__ | L23: dohye.edu@gmail.com | M23: 너무 많은곳을하고있음 | O23: =IF(AND(P23=1,Q23=0),"DM",IF(AND(P23=0,Q23=1),"이메일",IF(AND(P23=1,Q23=1),"DM+이메일",""))) -> DM+이메일 | P23: 1 | Q23: 1 | T23: 46108 | U23: 무응답
B24: 제외 | D24: 공동구매 | E24: 김상원 | F24: 저스트고 | G24: https://www.youtube.com/watch?v=d5vwNuPq1Cw | H24: O | I24: https://justgo.liveklass.com/ | J24: http://www.youtube.com/@justgo7994 | K24: http://instagram.com/justgo_kms | M24: 연락해봄 (기다림) | O24: =IF(AND(P24=1,Q24=0),"DM",IF(AND(P24=0,Q24=1),"이메일",IF(AND(P24=1,Q24=1),"DM+이메일",""))) | P24: 0 | Q24: 0
B25: 제외 | D25: 나스닥(주식) | E25: 김상원 | F25: 김직선 | G25: https://www.youtube.com/watch?v=y6Eng4FKyU0 | H25: O | I25: https://bit.ly/3NT9R93 | J25: http://www.youtube.com/@ndaqtrader | M25: 한트협인가 하는곳이 너무잘되어있음 | O25: =IF(AND(P25=1,Q25=0),"DM",IF(AND(P25=0,Q25=1),"이메일",IF(AND(P25=1,Q25=1),"DM+이메일",""))) | P25: 0 | Q25: 0
B26: 제외 | D26: 유튜브 브랜딩 | E26: 김상원 | F26: 커밍쑨 | G26: https://www.youtube.com/watch?v=kuUlab1qHEc | H26: O | I26: https://psmakers.liveklass.com/classes/218286 | J26: https://www.youtube.com/@%EC%BB%A4%EB%B0%8D%EC%8F%9C | O26: =IF(AND(P26=1,Q26=0),"DM",IF(AND(P26=0,Q26=1),"이메일",IF(AND(P26=1,Q26=1),"DM+이메일",""))) | P26: 0 | Q26: 0
B27: 제외 | D27: 유튜브 쇼핑 | E27: 김서윤 | F27: 부업부부 | G27: https://youtu.be/ddqetdI4RYI?si=wz3e688OmUp7U4Xb | H27: O | I27: 부업부부 홈페이지 | J27: https://youtube.com/channel/UCssMAfwEpQF0GZ8V0a57vuQ?si=koHplR_ofsIRDdk9 | K27: X | M27: 메일해봄(기다림) | O27: =IF(AND(P27=1,Q27=0),"DM",IF(AND(P27=0,Q27=1),"이메일",IF(AND(P27=1,Q27=1),"DM+이메일",""))) | P27: 0 | Q27: 0
B28: 제외 | D28: 학교장터 S2B | E28: 김서윤 | F28: 돈기부여 | G28: https://youtu.be/UFTP-Yl2vuc?si=KmnzMpvd89P0hYP- | H28: O | I28: 공개적으로 하지는 않는 것 같음, 구글폼 신청자에게만 개별 강의 안내 구글폼링크 : bit.ly/3ImW20a 강의문의 연락처 : 010-5385-9395 | J28: https://youtube.com/channel/UCbO7ae8WmgGuK9-d6OkQ6JQ?si=89eby5Tl0EFdDSTn | O28: =IF(AND(P28=1,Q28=0),"DM",IF(AND(P28=0,Q28=1),"이메일",IF(AND(P28=1,Q28=1),"DM+이메일",""))) | P28: 0 | Q28: 0
B29: 진행 중 | D29: 해외 및 국내 구매 대행 | E29: 정세희 | F29: 부추경자 | G29: 부추경자 블로그 https://www.youtube.com/watch?v=6xMbPBWr_AU | H29: O | I29: 현) 개인 컨설팅 전) 타이탄 수강생, 초청 강사 | J29: https://www.youtube.com/channel/UCsXCQkVgOZMwlaXqVr3rpjQ | K29: https://www.instagram.com/buchugj/ | L29: darmvit@naver.com | O29: =IF(AND(P29=1,Q29=0),"DM",IF(AND(P29=0,Q29=1),"이메일",IF(AND(P29=1,Q29=1),"DM+이메일",""))) -> DM+이메일 | P29: 1 | Q29: 1 | T29: 46108 | V29: 2026.04.01
B30: 제외 | D30: 생성형 AI | E30: 정세희 | F30: AIX 에익스 (나민수) & 윤권 | G30: 나민수 - 저스트두잇클럽 | H30: O | I30: 개인 컨설팅, 오프라인 기업 강연 | K30: https://www.instagram.com/naminsoo_ai/?utm_source=ig_web_button_share_sheet&igsh=ZDNlZDc0MzIxNw%3D%3D# | O30: =IF(AND(P30=1,Q30=0),"DM",IF(AND(P30=0,Q30=1),"이메일",IF(AND(P30=1,Q30=1),"DM+이메일",""))) | P30: 0 | Q30: 0
B31: 제외 | G31: 나민수 & 윤권 - AI 스타트 클럽 | K31: https://www.instagram.com/yoonkwon_ai/?igsh=dmN0NjBlaGppamts# | O31: =IF(AND(P31=1,Q31=0),"DM",IF(AND(P31=0,Q31=1),"이메일",IF(AND(P31=1,Q31=1),"DM+이메일",""))) | P31: 0 | Q31: 0
B32: 제외 | D32: 구글 에드센스 | E32: 김지상 | F32: 저스트액션 | G32: https://www.youtube.com/@JUSTACTION50/videos | H32: O | I32: https://justaction.liveklass.com/ | J32: https://www.youtube.com/@JUSTACTION50/videos | K32: X | M32: 메일해봄(기다림) | O32: =IF(AND(P32=1,Q32=0),"DM",IF(AND(P32=0,Q32=1),"이메일",IF(AND(P32=1,Q32=1),"DM+이메일",""))) | P32: 0 | Q32: 0
B33: 제외 | D33: 생성형 AI | E33: 정세희 | F33: 이너리드 | G33: https://litt.ly/infj_aibro | H33: O | I33: 개인 컨설팅 | J33: https://youtube.com/@innerlead?si=UcrMAF02k0R8nNbP | K33: X | O33: =IF(AND(P33=1,Q33=0),"DM",IF(AND(P33=0,Q33=1),"이메일",IF(AND(P33=1,Q33=1),"DM+이메일",""))) | P33: 0 | Q33: 0
B34: 제외 | D34: 쿠팡, 스마트스토어 | E34: 정세희 | F34: 돈버는하마 | G34: https://m.cafe.naver.com/ca-fe/web/cafes/gimpophone/articles/10574?useCafeId=false&tc | H34: O | I34: 개인 컨설팅 | J34: https://youtube.com/@makingmoneyhippo?si=9JaabwWaGZiO5kFS | K34: https://www.instagram.com/makingmoneyhippo?igsh=ZDhqNWRzNXFqeDMz | O34: =IF(AND(P34=1,Q34=0),"DM",IF(AND(P34=0,Q34=1),"이메일",IF(AND(P34=1,Q34=1),"DM+이메일",""))) | P34: 0 | Q34: 0
B35: 제외 | D35: 인스타툰 | E35: 김지상 | F35: 소금툰 | G35: https://fastcampus.co.kr/dgn_online_cd | H35: O | I35: 패스트 캠퍼스 | J35: X | K35: https://www.instagram.com/sogeumtoon/ | O35: =IF(AND(P35=1,Q35=0),"DM",IF(AND(P35=0,Q35=1),"이메일",IF(AND(P35=1,Q35=1),"DM+이메일",""))) | P35: 0 | Q35: 0
B36: 제외 | D36: 부동산 투자 | E36: 김지상 | F36: 월세여왕 리나쌤 | G36: https://linaedu.modoo.at/ | H36: O | I36: 개인 강의 | J36: https://www.youtube.com/@lina_only_one | K36: https://www.instagram.com/lina_only_one/ | O36: =IF(AND(P36=1,Q36=0),"DM",IF(AND(P36=0,Q36=1),"이메일",IF(AND(P36=1,Q36=1),"DM+이메일",""))) | P36: 0 | Q36: 0
B37: 제외 | D37: 구매대행 | E37: 김지상 | F37: 셀벤져스 로라 | G37: https://cafe.naver.com/cellaravengers/30491 | H37: O | I37: 강의 | J37: https://www.youtube.com/@sell_vengers/community | K37: https://www.instagram.com/sellvengers_rora/ | O37: =IF(AND(P37=1,Q37=0),"DM",IF(AND(P37=0,Q37=1),"이메일",IF(AND(P37=1,Q37=1),"DM+이메일",""))) | P37: 0 | Q37: 0
B38: 제외 | D38: 디자인 수익화 | E38: 김지상 | F38: 혜다나다 | G38: https://litt.ly/hyeda | H38: O | I38: 전자책 | J38: 로고사업가혜다 | K38: https://www.instagram.com/hyeda.nada/ | O38: =IF(AND(P38=1,Q38=0),"DM",IF(AND(P38=0,Q38=1),"이메일",IF(AND(P38=1,Q38=1),"DM+이메일",""))) | P38: 0 | Q38: 0
B39: 제외 | D39: AI 홈페이지 | E39: 이해수 | F39: 누끼토끼 | G39: https://nookitokki.co.kr/ | H39: O | I39: 개인 강의 | J39: https://www.youtube.com/@nookitokki | K39: https://www.instagram.com/nookitokki/ | O39: =IF(AND(P39=1,Q39=0),"DM",IF(AND(P39=0,Q39=1),"이메일",IF(AND(P39=1,Q39=1),"DM+이메일",""))) | P39: 0 | Q39: 0
B40: 제외 | D40: 라이브 커머스 | E40: 김지상 | F40: 러브미겸 황나겸 | G40: 링크트리 | H40: O | I40: 개인 강의 | J40: https://www.youtube.com/@luvme_gyeom | K40: https://www.instagram.com/luvme.gyeom/ | O40: =IF(AND(P40=1,Q40=0),"DM",IF(AND(P40=0,Q40=1),"이메일",IF(AND(P40=1,Q40=1),"DM+이메일",""))) | P40: 0 | Q40: 0
B41: 제외 | D41: 인스타 공구 | E41: 김지상 | F41: 최이사 | G41: 링크트리 | H41: O | I41: 클래스유 | K41: https://www.instagram.com/09.allrounder/ | O41: =IF(AND(P41=1,Q41=0),"DM",IF(AND(P41=0,Q41=1),"이메일",IF(AND(P41=1,Q41=1),"DM+이메일",""))) | P41: 0 | Q41: 0
B42: 제외 | D42: AI 디자인 | E42: 김지상 | F42: 아인 | G42: 링크트리 | H42: O | I42: 콜로소 | K42: https://www.instagram.com/ai_design_ain/ | O42: =IF(AND(P42=1,Q42=0),"DM",IF(AND(P42=0,Q42=1),"이메일",IF(AND(P42=1,Q42=1),"DM+이메일",""))) | P42: 0 | Q42: 0
B43: 제외 | C43: 거절 의사 | D43: 블로그 • 마케팅 • AI 글쓰기 | E43: 김지상 | F43: 노마드윤 | G43: 링크트리. | H43: O | I43: 라이브 강의 판매 | J43: https://www.youtube.com/watch?v=4hSJ4or9xrs | K43: https://www.instagram.com/nomadyoon/ | O43: =IF(AND(P43=1,Q43=0),"DM",IF(AND(P43=0,Q43=1),"이메일",IF(AND(P43=1,Q43=1),"DM+이메일",""))) | P43: 0 | Q43: 0
B44: 제외 | D44: 블로그 • N잡 • 마케팅 • 지식창업 | E44: 김지상 | F44: 마케터 C | G44: 링크트리. | H44: X | K44: https://www.instagram.com/marketer_c_/ | O44: =IF(AND(P44=1,Q44=0),"DM",IF(AND(P44=0,Q44=1),"이메일",IF(AND(P44=1,Q44=1),"DM+이메일",""))) | P44: 0 | Q44: 0
B45: 제외 | D45: 타로 수익화 | E45: 김지상 | F45: 로비앙 | G45: 프로필 | H45: O | I45: 로비앙 랜드 | J45: https://www.youtube.com/channel/UCLEOFQXSxeLZSNxqQbR8WxQ | K45: https://www.instagram.com/rovian.tarot | O45: =IF(AND(P45=1,Q45=0),"DM",IF(AND(P45=0,Q45=1),"이메일",IF(AND(P45=1,Q45=1),"DM+이메일",""))) | P45: 0 | Q45: 0
B46: 제외 | D46: 블로그 수익화 | E46: 김지상 | F46: 김메리 | G46: 링크트리. | H46: X | K46: https://www.instagram.com/enjoy_meri/ | O46: =IF(AND(P46=1,Q46=0),"DM",IF(AND(P46=0,Q46=1),"이메일",IF(AND(P46=1,Q46=1),"DM+이메일",""))) | P46: 0 | Q46: 0
B47: 제외 | D47: 블로그 수익화 | E47: 김지상 | F47: 이람님 | G47: https://www.instagram.com/iramblog1/ | H47: X | K47: https://www.instagram.com/iramblog1/ | O47: =IF(AND(P47=1,Q47=0),"DM",IF(AND(P47=0,Q47=1),"이메일",IF(AND(P47=1,Q47=1),"DM+이메일",""))) | P47: 0 | Q47: 0
B48: 제외 | D48: 블로그 인플루언서수익화/여행릴스 | E48: 이해수 | F48: 희아 | G48: 링크트리 | H48: O | I48: 개인강의 | J48: X | K48: https://www.instagram.com/heeah_travel/ | O48: =IF(AND(P48=1,Q48=0),"DM",IF(AND(P48=0,Q48=1),"이메일",IF(AND(P48=1,Q48=1),"DM+이메일",""))) | P48: 0 | Q48: 0
B49: 제외 | D49: 중국 사입 | E49: 김지상 | F49: 씨오 | G49: https://www.instagram.com/ccio_._/ | H49: O | I49: 래피드 클래스 | J49: https://open.kakao.com/o/g8YeRwch | K49: https://www.instagram.com/ccio_._/ | O49: =IF(AND(P49=1,Q49=0),"DM",IF(AND(P49=0,Q49=1),"이메일",IF(AND(P49=1,Q49=1),"DM+이메일",""))) | P49: 0 | Q49: 0
B50: 제외 | D50: 부동산 투자 | E50: 김지상 | F50: 마스터피스 | G50: 링크트리 | H50: O | I50: 개인강의 | K50: https://www.instagram.com/km_masterpiece/ | O50: =IF(AND(P50=1,Q50=0),"DM",IF(AND(P50=0,Q50=1),"이메일",IF(AND(P50=1,Q50=1),"DM+이메일",""))) | P50: 0 | Q50: 0
B51: 제외 | D51: 디자인 수익화 | E51: 김지상 | F51: 갓찌뇽 | G51: https://www.instagram.com/gotjitip/ | H51: X | J51: https://www.youtube.com/@%EA%B0%93%EC%B0%8C%EB%87%BD/videos | K51: https://www.instagram.com/gotjitip/ | O51: =IF(AND(P51=1,Q51=0),"DM",IF(AND(P51=0,Q51=1),"이메일",IF(AND(P51=1,Q51=1),"DM+이메일",""))) | P51: 0 | Q51: 0
B52: 진행 중 | D52: 소형 꼬마빌딩 수익화 | E52: 김지상 | F52: 차빌 TV | G52: 링크트리 | H52: X | J52: https://www.youtube.com/@TVchabuil | K52: https://www.instagram.com/chabuil_1/ | L52: chabuil@chabuil.com | O52: =IF(AND(P52=1,Q52=0),"DM",IF(AND(P52=0,Q52=1),"이메일",IF(AND(P52=1,Q52=1),"DM+이메일",""))) -> DM+이메일 | P52: 1 | Q52: 1 | T52: 46108
B53: 진행 중 | D53: 구매대행 | E53: 김지상 | F53: 사업하는 뚜벅이 | G53: 링크트리 | H53: O | I53: 비즈부스트 | J53: https://www.youtube.com/@Satddu | K53: https://www.instagram.com/satddu/ | L53: Innerpeaceer@gmail.com | O53: =IF(AND(P53=1,Q53=0),"DM",IF(AND(P53=0,Q53=1),"이메일",IF(AND(P53=1,Q53=1),"DM+이메일",""))) -> DM+이메일 | P53: 1 | Q53: 1 | T53: 46108
B54: 제외 | D54: 쇼핑물(온라인 판매) | E54: 김지상 | F54: 민이즈 | G54: 링크트리 | H54: O | I54: 개인 강의(카페) | J54: https://www.youtube.com/@WeelborgWilkens | K54: https://www.instagram.com/min_is__/ | O54: =IF(AND(P54=1,Q54=0),"DM",IF(AND(P54=0,Q54=1),"이메일",IF(AND(P54=1,Q54=1),"DM+이메일",""))) | P54: 0 | Q54: 0
B55: 진행 중 | D55: 부동산 | E55: 김지상 | F55: 하니 | G55: 링크트리 | H55: O | I55: 클래스101 | J55: https://www.youtube.com/@WeelborgWilkens | K55: https://www.instagram.com/min_is__/ | O55: =IF(AND(P55=1,Q55=0),"DM",IF(AND(P55=0,Q55=1),"이메일",IF(AND(P55=1,Q55=1),"DM+이메일",""))) -> DM | P55: 1 | Q55: 0 | T55: 46108
B56: 제외 | D56: 목소리 활용 수익화 | E56: 김상중 | F56: 유캐빈 | G56: https://cyclehackers.com/product/219276/ | H56: O | I56: 사이클해커스 | J56: X | K56: https://www.instagram.com/oranbi0622/ | M56: 누적 시청자 수 : 2,394명 웨비나 1회차 매출 4,100만원 https://litt.ly/yukevin | O56: =IF(AND(P56=1,Q56=0),"DM",IF(AND(P56=0,Q56=1),"이메일",IF(AND(P56=1,Q56=1),"DM+이메일",""))) | P56: 0 | Q56: 0
B57: 제외 | D57: 아이폰 스냅 수익화 | E57: 김상중 | F57: Yoon | G57: https://cyclehackers.com/product/246952/ | H57: O | I57: 사이클해커스 | J57: X | K57: https://www.instagram.com/doubleu.snap/# | M57: 누적 시청자 수 : 1,778명 https://linktr.ee/doubleu.snap | O57: =IF(AND(P57=1,Q57=0),"DM",IF(AND(P57=0,Q57=1),"이메일",IF(AND(P57=1,Q57=1),"DM+이메일",""))) | P57: 0 | Q57: 0
B58: 제외 | D58: 식료품 스마트 스토어 수익화 | E58: 김상중 | F58: 김준 | G58: https://cyclehackers.com/product/237742/ | H58: O | I58: 사이클해커스 | J58: https://www.youtube.com/@%EC%9B%94%EB%B0%B1%EB%A9%94%EC%9D%B4%EC%BB%A4 | K58: https://www.instagram.com/100_maker/ | M58: 누적 시청자 수 : 1,385명 https://cafe.naver.com/f-e/cafes/31051320/menus/0?viewType=L | O58: =IF(AND(P58=1,Q58=0),"DM",IF(AND(P58=0,Q58=1),"이메일",IF(AND(P58=1,Q58=1),"DM+이메일",""))) | P58: 0 | Q58: 0
B59: 제외 | D59: AI 유튜브 수익화 | E59: 김상중 | F59: 애유미 | G59: https://cyclehackers.com/product/296180/ | I59: 사이클해커스 | J59: https://www.youtube.com/@%EC%95%A0%EC%9C%A0%EB%AF%B81 | O59: =IF(AND(P59=1,Q59=0),"DM",IF(AND(P59=0,Q59=1),"이메일",IF(AND(P59=1,Q59=1),"DM+이메일",""))) | P59: 0 | Q59: 0
B60: 제외 | D60: 이베이 역직구 수익화 | E60: 김동휘 | F60: 위쏭 | G60: 와디즈 펀딩 사이클해커스 | H60: O | I60: 사이클해커스 | J60: https://www.youtube.com/watch?v=sLU0_pLbCJA (원더휴먼 채널 영상) | K60: X | O60: =IF(AND(P60=1,Q60=0),"DM",IF(AND(P60=0,Q60=1),"이메일",IF(AND(P60=1,Q60=1),"DM+이메일",""))) | P60: 0 | Q60: 0
B61: 제외 | D61: 여행 영상 인스타 수익화 | E61: 김동휘 | F61: 다해 | G61: 와디즈 펀딩 링크트리 | H61: X | J61: X | K61: https://www.instagram.com/travelrlo/ | O61: =IF(AND(P61=1,Q61=0),"DM",IF(AND(P61=0,Q61=1),"이메일",IF(AND(P61=1,Q61=1),"DM+이메일",""))) | P61: 0 | Q61: 0
B62: 제외 | D62: AI 강사 되기 | E62: 김동휘 | F62: 조티쳐 | G62: 사이클해커스 와디즈 펀딩 | H62: O | I62: 탈잉 사이클해커스 | J62: X | K62: https://www.instagram.com/david_nazarite | O62: =IF(AND(P62=1,Q62=0),"DM",IF(AND(P62=0,Q62=1),"이메일",IF(AND(P62=1,Q62=1),"DM+이메일",""))) | P62: 0 | Q62: 0
B63: 제외 | D63: 당근마켓 과일 위탁 | E63: 김상중 | F63: 민근영 | G63: https://cyclehackers.com/product/235892/ | H63: O | I63: 사이클해커스 | K63: X | M63: 누적 신청자 수 : 1,194명 | O63: =IF(AND(P63=1,Q63=0),"DM",IF(AND(P63=0,Q63=1),"이메일",IF(AND(P63=1,Q63=1),"DM+이메일",""))) | P63: 0 | Q63: 0
B64: 제외 | D64: AI | E64: 이해수 | F64: AI상상력대장 | G64: https://linktr.ee/winnersopenroom?fbclid=PAZXh0bgNhZW0CMTEAAaen5z3jeWWC44cHSnLc4eRPAJFeONhUATqr_kv7toCpq0dRiV-eYlkrJxR2FA_aem_uocB5ebtmIX6ZTjS4Yhh8g | I64: 개인강의 | J64: https://www.youtube.com/@captain_ai/videos | O64: =IF(AND(P64=1,Q64=0),"DM",IF(AND(P64=0,Q64=1),"이메일",IF(AND(P64=1,Q64=1),"DM+이메일",""))) | P64: 0 | Q64: 0
B65: 제외 | D65: 소자본창업-스티커제작판매 | E65: 이해수 | F65: 스티커지호 | K65: https://www.instagram.com/stickerjiho/ | O65: =IF(AND(P65=1,Q65=0),"DM",IF(AND(P65=0,Q65=1),"이메일",IF(AND(P65=1,Q65=1),"DM+이메일",""))) | P65: 0 | Q65: 0
B66: 제외 | D66: 로고 디자인 | E66: 이해수 | F66: 로공백(인스타:봄디) | G66: https://blog.naver.com/hideon_bush | H66: O | I66: 개인강의/2기 | K66: https://www.instagram.com/bomde_sign/ | O66: =IF(AND(P66=1,Q66=0),"DM",IF(AND(P66=0,Q66=1),"이메일",IF(AND(P66=1,Q66=1),"DM+이메일",""))) | P66: 0 | Q66: 0
B67: 제외 | D67: AI숏츠 | E67: 이해수 | F67: 파크 | G67: https://blog.naver.com/online-money/223298272260 | H67: o | J67: 돈버는온라인자판기-12만명 https://www.youtube.com/@online-money | K67: https://cafe.naver.com/f-e/cafes/24490019/articles/97396?menuid=315&referrerAllArticles=false | M67: 개인 카페,블로그 운영하면서 AI숏츠 강의 몇년째하는데 신청자받아서 당첨된사람만 강의들을 수 있음 | O67: =IF(AND(P67=1,Q67=0),"DM",IF(AND(P67=0,Q67=1),"이메일",IF(AND(P67=1,Q67=1),"DM+이메일",""))) | P67: 0 | Q67: 0
B68: 제외 | D68: 생성형 AI 콘텐츠 제작 | E68: 김동휘 | F68: 아인프로 | G68: https://litt.ly/promania_pmae?fbclid=PAZXh0bgNhZW0CMTEAAadw0090QQ43D71Gh5eEPcHINx6Cp7AQeyS3d9nhyTnlvNwetaNSWuf2D-HyRA_aem_mWyi7vnkHCdPelxN8CvrrQ | H68: O | I68: 개인강의 / 5기 | J68: 5천명 https://www.youtube.com/@promania_ai | K68: https://www.instagram.com/promania_ai/ | M68: 유료 강의로 5기째 진행 중 | O68: =IF(AND(P68=1,Q68=0),"DM",IF(AND(P68=0,Q68=1),"이메일",IF(AND(P68=1,Q68=1),"DM+이메일",""))) | P68: 0 | Q68: 0
B69: 제외 | D69: 소액 경매 | E69: 김동휘 | F69: 방방테크 | G69: https://litt.ly/bangbangtech?fbclid=PAZXh0bgNhZW0CMTEAAafkuR7Jb6bF13x7cmpdbh-VwCG6fV7CJeZM0J4ePLRl9MKsPS2d1JRJUEwQvg_aem_bwKfrXkU5kc6qYcRx-aVew | H69: X | J69: X | K69: https://www.instagram.com/bangbang_tech/ | M69: 소규모 스터디 다수 진행 | O69: =IF(AND(P69=1,Q69=0),"DM",IF(AND(P69=0,Q69=1),"이메일",IF(AND(P69=1,Q69=1),"DM+이메일",""))) | P69: 0 | Q69: 0
B70: 진행 중 | D70: (7월 2째주 시작) AI | E70: 이해수 | F70: AI돈나 | G70: https://www.youtube.com/@aidonnawa | H70: ? | J70: https://www.youtube.com/@aidonnawa | L70: bokhan2329@gmail.com | O70: =IF(AND(P70=1,Q70=0),"DM",IF(AND(P70=0,Q70=1),"이메일",IF(AND(P70=1,Q70=1),"DM+이메일",""))) -> 이메일 | P70: 0 | Q70: 1 | T70: 46108
B71: 진행 중 | D71: AI | E71: 김은진 | F71: gpt_kimsa | H71: ㅇ | I71: 개인강의/카카오 비즈니스 | J71: https://youtube.com/@gpt_kimisa?si=yMw3t-PGfBRjAGHJ | K71: https://www.instagram.com/gpt_kimisa?igsh=dXhidTVwdmFoc2d2 | L71: billykim1005@gmail.com | M71: 생성형 AI 강의 진행중 (자체 강의) | O71: =IF(AND(P71=1,Q71=0),"DM",IF(AND(P71=0,Q71=1),"이메일",IF(AND(P71=1,Q71=1),"DM+이메일",""))) -> DM+이메일 | P71: 1 | Q71: 1 | T71: 46108
B72: 제외 | D72: AI | E72: 김은진 | F72: 성공의 숲 | H72: ㅇ | I72: 성공의 숲(자사 플랫폼) | K72: https://www.instagram.com/forest_success?igsh=bHpsYmdjaGVodWV5 | M72: 자사몰 강의중 | O72: =IF(AND(P72=1,Q72=0),"DM",IF(AND(P72=0,Q72=1),"이메일",IF(AND(P72=1,Q72=1),"DM+이메일",""))) | P72: 0 | Q72: 0
B73: 제외 | D73: AI | E73: 김은진 | F73: 기린 과자 | H73: ㅇ | I73: 1:1 강의 /블로그 모집 | K73: https://www.instagram.com/kirin.cookie?igsh=Mm1nYXlxemt6YXI0 | O73: =IF(AND(P73=1,Q73=0),"DM",IF(AND(P73=0,Q73=1),"이메일",IF(AND(P73=1,Q73=1),"DM+이메일",""))) | P73: 0 | Q73: 0
B74: 제외 | D74: 유튜브 AI | E74: 정승희 | F74: 유월차선 | G74: 유튜브 | H74: ? | I74: 개인사이트/전자책 | J74: 유튜브 | K74: https://www.instagram.com/youfastlane/ | M74: 자사몰 전자책 판매중 | O74: =IF(AND(P74=1,Q74=0),"DM",IF(AND(P74=0,Q74=1),"이메일",IF(AND(P74=1,Q74=1),"DM+이메일",""))) | P74: 0 | Q74: 0
B75: 제외 | D75: AI 작곡 | E75: 김은진 | F75: lowcut_official | H75: o | I75: 자체 강의 | K75: https://www.instagram.com/lowcut__official?igsh=MmRwNWdxbzF5d2hh | M75: 자체 강의 진행중 | O75: =IF(AND(P75=1,Q75=0),"DM",IF(AND(P75=0,Q75=1),"이메일",IF(AND(P75=1,Q75=1),"DM+이메일",""))) | P75: 0 | Q75: 0
B76: 진행 중 | D76: AI 상세페이지 | E76: 김예빈 | F76: 독립D | H76: x | J76: http://www.youtube.com/@doklip.D | K76: http://instagram.com/doklip.d | L76: doklip.d@gmail.com | O76: =IF(AND(P76=1,Q76=0),"DM",IF(AND(P76=0,Q76=1),"이메일",IF(AND(P76=1,Q76=1),"DM+이메일",""))) -> DM+이메일 | P76: 1 | Q76: 1 | T76: 46108
B77: 진행 중 | D77: AI 영상 | E77: 정세희 | F77: 왼손 WENSON AI | H77: o | I77: (소액)자체 강의 플랫폼 | J77: https://www.youtube.com/@wensonai/videos | L77: ilowme@naver.com | O77: =IF(AND(P77=1,Q77=0),"DM",IF(AND(P77=0,Q77=1),"이메일",IF(AND(P77=1,Q77=1),"DM+이메일",""))) -> 이메일 | P77: 0 | Q77: 1 | T77: 46108
B78: 제외 | D78: 유튜브 브랜딩, 수익화 | E78: 정승희 | F78: 작심만일, 카일 | G78: 유튜브 | H78: o | I78: 자사 강의 플랫폼 | J78: 유튜브 | M78: 자체 강의 진행중 | O78: =IF(AND(P78=1,Q78=0),"DM",IF(AND(P78=0,Q78=1),"이메일",IF(AND(P78=1,Q78=1),"DM+이메일",""))) | P78: 0 | Q78: 0
B79: 제외 | D79: 정보성 유튜브 | E79: 정승희 | F79: 유튜브 지식 쇼츠 | G79: 유튜브1, 유튜브2 | H79: x | J79: https://www.youtube.com/@YoutubeShortIntF | K79: https://www.instagram.com/kyleinmind/ | M79: 이메일, 지식 쇼츠 채널 2개 운영(합 18만) | O79: =IF(AND(P79=1,Q79=0),"DM",IF(AND(P79=0,Q79=1),"이메일",IF(AND(P79=1,Q79=1),"DM+이메일",""))) | P79: 0 | Q79: 0
B80: 진행 중 | D80: AI 로켓그로스 | E80: 정승희 | F80: 일렌 | G80: 유튜브 | H80: o | I80: 개인강의/10기 | J80: https://www.youtube.com/@ihlen_tv | K80: https://www.instagram.com/ihlen_online_business_coach/ | L80: ihlenco@naver.com | O80: =IF(AND(P80=1,Q80=0),"DM",IF(AND(P80=0,Q80=1),"이메일",IF(AND(P80=1,Q80=1),"DM+이메일",""))) -> DM+이메일 | P80: 1 | Q80: 1 | T80: 46108
B81: 진행 중 | D81: AI 영상 | E81: 정세희 | F81: 디스이즈머니 | G81: 전자책(블로그) | H81: x | J81: https://www.youtube.com/channel/UClP2hW295JL_o-lESiMY0fg/join | L81: boxtvstar@gmail.com | O81: =IF(AND(P81=1,Q81=0),"DM",IF(AND(P81=0,Q81=1),"이메일",IF(AND(P81=1,Q81=1),"DM+이메일",""))) -> 이메일 | P81: 0 | Q81: 1 | T81: 46108
B82: 제외 | D82: AI 음악 수익화 | E82: 김상중 | F82: 유쾌한케로로 | G82: 무료 강의 상세페이지 | H82: O | I82: 디하클 | J82: https://youtu.be/SHq_W_9rsPA?si=R-F297dgLz5N0Zeo | M82: 연락처 확인 부탁드립니다 | O82: =IF(AND(P82=1,Q82=0),"DM",IF(AND(P82=0,Q82=1),"이메일",IF(AND(P82=1,Q82=1),"DM+이메일",""))) | P82: 0 | Q82: 0
B83: 보류 | C83: 연락처 없음 | D83: 숏츠 | E83: 김상중 | F83: 테일러 | G83: 무료강의 상세페이지 | H83: O | I83: 디하클 | J83: https://youtu.be/HPPi3RsvEBc?si=y_P8bwcwtgZ28u94 | M83: 월억숏츠 소구/ 기존 + AI 합쳐서 강의 구성, 연락처 확인 부탁드립니다 | O83: =IF(AND(P83=1,Q83=0),"DM",IF(AND(P83=0,Q83=1),"이메일",IF(AND(P83=1,Q83=1),"DM+이메일",""))) | P83: 0 | Q83: 0
B84: 제외 | D84: AI 시니어 유튜브 | E84: 김동휘 | F84: 신팀장 | G84: 인터뷰채널 | H84: O | I84: YDMCN | J84: YDMCN 유튜브 링크 | M84: 7/11 무료 강의 진행 예정 | O84: =IF(AND(P84=1,Q84=0),"DM",IF(AND(P84=0,Q84=1),"이메일",IF(AND(P84=1,Q84=1),"DM+이메일",""))) | P84: 0 | Q84: 0
B85: 제외 | D85: AI 시니어 유튜브 | E85: 김동휘 | F85: 신국부론 | G85: 인터뷰채널 | H85: O | I85: 월급쟁이 부자들 | J85: https://www.youtube.com/watch?v=zpJwJwIORNU | M85: VOD 강의 판매 중 | O85: =IF(AND(P85=1,Q85=0),"DM",IF(AND(P85=0,Q85=1),"이메일",IF(AND(P85=1,Q85=1),"DM+이메일",""))) | P85: 0 | Q85: 0
B86: 진행 중 | D86: AI 영상 | E86: 정세희 | F86: 사이드퀘스트 | H86: X | J86: https://www.youtube.com/@%EC%82%AC%EC%9D%B4%EB%93%9C%ED%80%98%EC%8A%A4%ED%8A%B8/videos | L86: SideQuest316@gmail.com | O86: =IF(AND(P86=1,Q86=0),"DM",IF(AND(P86=0,Q86=1),"이메일",IF(AND(P86=1,Q86=1),"DM+이메일",""))) -> 이메일 | P86: 0 | Q86: 1 | T86: 46108
B87: 제외 | D87: AI 쇼핑몰 | E87: 국선우 | F87: 이도전 | G87: 인스타그램 | H87: O | I87: 개인강의 | J87: https://www.youtube.com/channel/UCqwCkUGth3fxt6bL_0wtWTg | K87: https://www.instagram.com/challenge_dojun?utm_source=ig_web_button_share_sheet&igsh=OG1vYjNpeXRkM3cx | O87: =IF(AND(P87=1,Q87=0),"DM",IF(AND(P87=0,Q87=1),"이메일",IF(AND(P87=1,Q87=1),"DM+이메일",""))) | P87: 0 | Q87: 0
B88: 제외 | D88: AI 유튜브 쇼츠 | E88: 정승희 | F88: 원초적 인사이트 | G88: 유튜브 | H88: o | I88: 개인 전자책 판매 | J88: 유튜브 | M88: 카카오톡, 이메일, 전자책 판매 중 | O88: =IF(AND(P88=1,Q88=0),"DM",IF(AND(P88=0,Q88=1),"이메일",IF(AND(P88=1,Q88=1),"DM+이메일",""))) | P88: 0 | Q88: 0
B89: 제외 | D89: 청소업체 창업(소액창업) | E89: 윤예영 | F89: 청사남 박형민 | G89: 패스트캠퍼스 | H89: O | I89: 패스트캠퍼스 | J89: https://www.youtube.com/@ilovecleaning | K89: https://www.instagram.com/chungsanam/?hl=ko | M89: VOD강의 판매중 (강사님이 5만원으로 창업 시작) | O89: =IF(AND(P89=1,Q89=0),"DM",IF(AND(P89=0,Q89=1),"이메일",IF(AND(P89=1,Q89=1),"DM+이메일",""))) | P89: 0 | Q89: 0
B90: 제외 | D90: 인스타 수익창출 | E90: 윤예영 | F90: 리치파카 | G90: 패스트캠퍼스 | H90: O | I90: 패스트캠퍼스 | J90: https://www.youtube.com/@-richpaca | K90: https://www.instagram.com/richpaca/?hl=ko | M90: VOD강의 판매중, 스마트스토어에서 물건 자체판매중 | O90: =IF(AND(P90=1,Q90=0),"DM",IF(AND(P90=0,Q90=1),"이메일",IF(AND(P90=1,Q90=1),"DM+이메일",""))) | P90: 0 | Q90: 0
B91: 제외 | D91: 청소업체 창업 | E91: 박응석 | F91: 클린몬스터즈 | H91: x | J91: 유튜브 | K91: 인스타 | O91: =IF(AND(P91=1,Q91=0),"DM",IF(AND(P91=0,Q91=1),"이메일",IF(AND(P91=1,Q91=1),"DM+이메일",""))) | P91: 0 | Q91: 0
B92: 진행 중 | D92: 부동산 경매 | E92: 윤예영 | F92: 알론소운(고운정) | G92: 패스트캠퍼스 | H92: O | I92: 패스트캠퍼스 | J92: https://www.youtube.com/@alonso_woon | L92: alonso_woon@naver.com | M92: VOD판매중 | O92: =IF(AND(P92=1,Q92=0),"DM",IF(AND(P92=0,Q92=1),"이메일",IF(AND(P92=1,Q92=1),"DM+이메일",""))) -> 이메일 | P92: 0 | Q92: 1 | T92: 46108
B93: 제외 | D93: 부동산 | E93: 원소영 | F93: 재테크르르 | G93: 강의판매페이지 | H93: O | I93: 자체 강의 | J93: 유투브 | K93: 인스타 | M93: 부동산책 베스트셀러저자, 최근 더현대 문화센터에서 특강진행,오픈채팅 정보방 운영 | O93: =IF(AND(P93=1,Q93=0),"DM",IF(AND(P93=0,Q93=1),"이메일",IF(AND(P93=1,Q93=1),"DM+이메일",""))) | P93: 0 | Q93: 0
B94: 제외 | D94: AI 음원 | E94: 원소영 | F94: AI연금술사 | G94: 강의판매페이지 | H94: O | I94: 자체 강의 | J94: https://www.youtube.com/@ai.moneymaker.official | M94: 유투브영상 적지만 강의 다수 진행 | O94: =IF(AND(P94=1,Q94=0),"DM",IF(AND(P94=0,Q94=1),"이메일",IF(AND(P94=1,Q94=1),"DM+이메일",""))) | P94: 0 | Q94: 0
B95: 진행 중 | D95: AI스마트스토어 | E95: 윤예영 | F95: 한이룸 | G95: 패스트캠퍼스 | H95: O | I95: 패스트캠퍼스 | J95: https://www.youtube.com/@irum_hahn/videos | L95: cole@rebrandb.com | M95: VOD판매중 | O95: =IF(AND(P95=1,Q95=0),"DM",IF(AND(P95=0,Q95=1),"이메일",IF(AND(P95=1,Q95=1),"DM+이메일",""))) -> 이메일 | P95: 0 | Q95: 1 | T95: 46108
B96: 제외 | D96: 청소&방충망교체 | E96: 박응석 | F96: 방충망대장 | G96: 인터뷰채널 | H96: x | J96: https://www.youtube.com/@%EB%B0%A9%EC%B6%A9%EB%A7%9D%EB%8C%80%EC%9E%A5 | L96: windowclean1009@naver.com | O96: =IF(AND(P96=1,Q96=0),"DM",IF(AND(P96=0,Q96=1),"이메일",IF(AND(P96=1,Q96=1),"DM+이메일",""))) | P96: 0 | Q96: 0
B97: 제외 | D97: AI 유튜브 영상 제작 | E97: 김승철 | F97: 머니몬스터 | G97: 무료 강의 상세 페이지 | H97: O | I97: 인베이더스쿨 | J97: 유튜브 | K97: 네이버 카페 | M97: 강의 진행 중 | O97: =IF(AND(P97=1,Q97=0),"DM",IF(AND(P97=0,Q97=1),"이메일",IF(AND(P97=1,Q97=1),"DM+이메일",""))) | P97: 0 | Q97: 0
B98: 진행 중 | D98: AI 유튜브 쇼츠 | E98: 김승철 | F98: 돈강TV | G98: 강의 페이지 | H98: X | I98: Kmong | J98: https://www.youtube.com/@%EB%8F%88%EA%B0%95/featured | L98: donkang97@naver.com | M98: VOD 판매 중 | O98: =IF(AND(P98=1,Q98=0),"DM",IF(AND(P98=0,Q98=1),"이메일",IF(AND(P98=1,Q98=1),"DM+이메일",""))) -> 이메일 | P98: 0 | Q98: 1 | T98: 46108
B99: 제외 | D99: 유리청소 | E99: 박응석 | F99: 퓨어맨코리아 | G99: 인터뷰채널 | H99: x | J99: https://www.youtube.com/@%ED%93%A8%EC%96%B4%EB%A7%A8%EC%BD%94%EB%A6%AC%EC%95%84 | O99: =IF(AND(P99=1,Q99=0),"DM",IF(AND(P99=0,Q99=1),"이메일",IF(AND(P99=1,Q99=1),"DM+이메일",""))) | P99: 0 | Q99: 0
B100: 진행 중 | D100: AI전자책 | E100: 윤예영 | F100: 함프로 | G100: 탈잉 | H100: O | I100: 탈잉 | K100: https://www.instagram.com/ebook_hampro/?hl=ko | M100: VOD판매중,와디즈 펀딩 이력 | O100: =IF(AND(P100=1,Q100=0),"DM",IF(AND(P100=0,Q100=1),"이메일",IF(AND(P100=1,Q100=1),"DM+이메일",""))) -> DM | P100: 1 | Q100: 0 | T100: 46108
...

Sheet 콘텐츠팀 개별 컨택
A1: No. | B1: 상태 | C1: 분야 | E1: 강사명 | F1: 유튜브 | G1: 인스타 | H1: 이메일 | J1: 발송채널 | K1: DM | L1: 이메일 | M1: 1차발송일 | N1: 1차 결과 | O1: 2차 발송일 | P1: 2차 결과 | Q1: 3차 발송일 | R1: 3차 결과 | S1: 최종상태 | T1: 미팅메모 | U1: 비고
A2: {=IF(B2:B988<>"", ROW(B2:B988)-1, "")} -> 1 | B2: 진행 중 | C2: 플레이리스트 | D2: 정세희 | E2: 드루와자기 | F2: https://www.youtube.com/channel/UC3sZdDroiHtKYYdGTIhtCeA | H2: asoda98@nate.com | I2: 연락해봄 (기다림) | K2: 0 | L2: 1 | M2: 46108 | N2: 무응답 | O2: 2026.04.01
A3: 2 | B3: 진행 중 | C3: 플레이리스트 | D3: 김서윤 | E3: essential; | F3: https://www.youtube.com/channel/UCSGC87iX0QhnIfUOI_B_Rdg | H3: dl_essential@bugs.co.kr | I3: 연락해봄 (기다림) | K3: 0 | L3: 1 | M3: 46108 | N3: 무응답 | O3: 2026.04.01
A4: 3 | B4: 진행 중 | C4: 플레이리스트 | E4: the next SCON | F4: https://www.youtube.com/channel/UCJ9GFEhq9xCLeyIevUNEdNA | H4: thenextscon@gmail.com | K4: 0 | L4: 1 | M4: 46108 | N4: 무응답 | O4: 2026.04.01
A5: 4 | B5: 진행 중 | C5: 플레이리스트 | D5: 김상원 | E5: 몽렉싱피아노 MONGLAXING PIANO | F5: https://www.youtube.com/channel/UClFo7IonhjI9s_YrrhplPGA | H5: monkeybgmsound2@gmail.com | I5: open.kakao.com/o/gWMf3K3g | K5: 0 | L5: 1 | M5: 46108 | N5: 무응답 | O5: 2026.04.01
A6: 5 | B6: 진행 중 | C6: 플레이리스트 | D6: 정승희 | E6: 터닝포인트뮤직 | F6: https://www.youtube.com/channel/UC4eth-_fKt2Wg79cQqV1a8Q | H6: dkfo7869@naver.com | I6: 이메일 | K6: 0 | L6: 1 | M6: 46108 | N6: 무응답 | O6: 2026.04.01
A7: 6 | B7: 진행 중 | C7: 플레이리스트 | D7: 윤원경 | E7: 찐막 JJINMAK | F7: https://www.youtube.com/channel/UCxGyH7vzYkZwFseTUa3yZpQ | H7: seungminguy@gmail.com | K7: 0 | L7: 1 | M7: 46108 | N7: 무응답 | O7: 2026.04.01
A8: 7 | B8: 진행 중 | C8: 플레이리스트 | D8: 국선우 | E8: 남자사람친구 | F8: https://www.youtube.com/channel/UCK3aqSPhFJH2XQa2mREnSVQ | H8: itsmeboyfriend@gmail.com | K8: 0 | L8: 1 | M8: 46108 | N8: 무응답 | O8: 2026.04.01
A9: 8 | B9: 제외 | C9: 플레이리스트 | D9: 정승희 | E9: 인디인디 In The Indie | F9: https://www.youtube.com/channel/UCmBqBxouLDy3Mfu4XzESuAA | I9: 누적 수강생 8,000명 | K9: 0 | L9: 1 | M9: 46108
A10: 9 | B10: 진행 중 | C10: 플레이리스트 | D10: 김서윤 | E10: 우플리 𝐖𝐎𝐎𝐎𝐏𝐋𝐘 | F10: https://www.youtube.com/channel/UC4zMT5kGhURRcfnnFUitF2g | H10: woooply@naver.com | K10: 0 | L10: 1 | M10: 46108 | N10: 무응답 | O10: 2026.04.01
A11: 10 | B11: 진행 중 | C11: 플레이리스트 | D11: 김지상 | E11: 𝐒𝐄𝐍𝐓𝐈𝐌𝐄𝐍𝐓𝐀𝐋 𝐀𝐔𝐃𝐈𝐎 | F11: https://www.youtube.com/channel/UC4Kav4n_aYomsUQ7fZyv7ig | H11: hansung0716@gmail.com | I11: 너무 많은곳을하고있음 | K11: 0 | L11: 1 | M11: 46108 | N11: 무응답 | O11: 2026.04.01
A12: 11 | B12: 진행 중 | C12: 플레이리스트 | D12: 정세희 | E12: 감성푹 | F12: https://www.youtube.com/channel/UCFXHjmsbgmGRiUAXXyGF7Zg | H12: simada999999@gmail.com | K12: 0 | L12: 1 | M12: 46108 | N12: 무응답 | O12: 2026.04.01
A13: 12 | B13: 진행 중 | C13: 플레이리스트 | D13: 김지상 | E13: SISO Wave | F13: https://www.youtube.com/channel/UClRxY7lEeNqc6oezxGSpkKA | H13: yunsora764950@gmail.com | K13: 0 | L13: 1 | M13: 46108 | N13: 무응답 | O13: 2026.04.01
A14: 13 | B14: 진행 중 | C14: 플레이리스트 | D14: 김지상 | E14: cherry music | F14: https://www.youtube.com/channel/UCbGe5jill2XY05_TGvtKiPQ | H14: cherry_works@kakao.com | K14: 0 | L14: 1 | M14: 46108 | N14: 무응답 | O14: 2026.04.01
A15: 14 | B15: 진행 중 | C15: 플레이리스트 | D15: 김지상 | E15: 힐링음악 | F15: https://www.youtube.com/channel/UCpRqjuBMLl_6ocIKUBVRcHw | H15: healthhan119@gmail.com | K15: 0 | L15: 1 | M15: 46108 | N15: 무응답 | O15: 2026.04.01
A16: 15 | B16: 진행 중 | C16: 플레이리스트 | D16: 이해수 | E16: popment | F16: https://www.youtube.com/channel/UCZzWiPXZVug7B2K6vbKQhdw | H16: popment.official@gmail.com | K16: 0 | L16: 1 | M16: 46108 | N16: 무응답 | O16: 2026.04.01
A17: 16 | B17: 진행 중 | C17: 플레이리스트 | D17: 김은진 | E17: WRG 우리가 듣고 싶어서 연주한 playlist | F17: https://www.youtube.com/channel/UCHCyX77xqN9OVjLzMpAZvXw | H17: triojuly12@gmail.com | I17: 생성형 AI 강의 진행중 (자체 강의) | K17: 0 | L17: 1 | M17: 46108 | N17: 무응답 | O17: 2026.04.01
A18: 17 | B18: 진행 중 | C18: 플레이리스트 | D18: 김예빈 | E18: HP Music | F18: https://www.youtube.com/channel/UCIo8R3MdI7Vh2rPvaCagLeQ | H18: hpmusic.official.kr@gmail.com | K18: 0 | L18: 1 | M18: 46108 | N18: 무응답 | O18: 2026.04.01
A19: 18 | B19: 진행 중 | C19: 플레이리스트 | D19: 정세희 | E19: Objental 오브젠탈 | F19: https://www.youtube.com/channel/UCmngZzVnTQIIA9p0QaR5DBg | H19: objental@naver.com | K19: 0 | L19: 1 | M19: 46108 | N19: 무응답 | O19: 2026.04.01
A20: 19 | B20: 진행 중 | C20: 플레이리스트 | D20: 정승희 | E20: HELLO CELLO CLASSIC | F20: https://www.youtube.com/channel/UC_YH01lyI7Ivfu_TryYcbmw | H20: simplycellobgm@gmail.com | K20: 0 | L20: 1 | M20: 46108 | N20: 무응답 | O20: 2026.04.01
A21: 20 | B21: 진행 중 | C21: 플레이리스트 | D21: 정세희 | E21: onia music 오니아 뮤직 | F21: https://www.youtube.com/channel/UCWN0XUAUJiuySmhfYBBfVzQ | H21: oniabreeze@gmail.com | K21: 0 | L21: 1 | M21: 46108 | N21: 무응답 | O21: 2026.04.01
A22: 21 | B22: 진행 중 | C22: 플레이리스트 | D22: 정세희 | E22: JazzNe | F22: https://www.youtube.com/channel/UCbsHYIZwk9pZIMp53ciDjOw | H22: official@underlying.kr | K22: 0 | L22: 1 | M22: 46108 | N22: 무응답 | O22: 2026.04.01
A23: 22 | B23: 진행 중 | C23: 플레이리스트 | D23: 윤예영 | E23: mycozypop | F23: https://www.youtube.com/channel/UCYvNducBZDpqYqKLrVfuRtA | H23: iamcozypop@gmail.com | I23: VOD판매중 | K23: 0 | L23: 1 | M23: 46108 | N23: 무응답 | O23: 2026.04.01
A24: 23 | B24: 진행 중 | C24: 플레이리스트 | D24: 윤예영 | E24: ssing송 | F24: https://www.youtube.com/channel/UC3fPdi-N7Qx7Ytfw2XwRnaw | H24: singasongj47@gmail.com | I24: VOD판매중 | K24: 0 | L24: 1 | M24: 46108 | N24: 무응답 | O24: 2026.04.01
A25: 24 | B25: 진행 중 | C25: 플레이리스트 | D25: 김승철 | E25: 온에잇 𝐎𝐧 𝟖𝐢𝐠𝐡𝐭 | F25: https://www.youtube.com/channel/UCwTsxbhNyNaKTsBgjFsgGvA | H25: on8ight@gmail.com | I25: VOD 판매 중 | K25: 0 | L25: 1 | M25: 46108 | N25: 무응답 | O25: 2026.04.01
A26: 25 | B26: 진행 중 | C26: 플레이리스트 | D26: 윤예영 | E26: Song Kwangsik / 송광식 official | F26: https://www.youtube.com/channel/UCm9BsTPGsjT282jcZ6ucKRA | H26: smnow@daum.net | I26: VOD판매중,와디즈 펀딩 이력 | K26: 0 | L26: 1 | M26: 46108 | N26: 무응답 | O26: 2026.04.01
A27: 26 | B27: 진행 중 | C27: 플레이리스트 | D27: 김지상 | E27: 예오레오yeoreo | F27: https://www.youtube.com/channel/UCSUN7C7ASLG6lxNU3uGNHng | H27: yessey4135@gmail.com | K27: 0 | L27: 1 | M27: 46108 | N27: 무응답 | O27: 2026.04.01
A28: 27 | B28: 진행 중 | C28: 플레이리스트 | D28: 정승희 | E28: Breeze Mood | F28: https://www.youtube.com/channel/UCzlOuU2oqj_FCXEhy3XnvxQ | H28: breeze1mood@gmail.com | K28: 0 | L28: 1 | M28: 46108 | N28: 무응답 | O28: 2026.04.01
A29: 28 | B29: 진행 중 | C29: 플레이리스트 | D29: 이해수 | E29: 감성 저장소 | F29: https://www.youtube.com/channel/UCTieDwi-vnwxBwJGruCWvTA | H29: rkashwj@naver.com | K29: 0 | L29: 1 | M29: 46108 | N29: 무응답 | O29: 2026.04.01
A30: 29 | B30: 진행 중 | C30: 플레이리스트 | D30: 이해수 | E30: Lofi Brew | F30: https://www.youtube.com/channel/UCJg6NRMMxvEn9IOmr-rv8Ig | H30: mrpositive88@gmail.com | I30: 리틀리/ | K30: 0 | L30: 1 | M30: 46108 | N30: 무응답 | O30: 2026.04.01
A31: 30 | B31: 진행 중 | C31: 플레이리스트 | D31: 정세희 | E31: JINPLY | F31: https://www.youtube.com/channel/UCWTwVZOJBFBjDrIKGSqkrpA | H31: jinply210718@gmail.com | K31: 0 | L31: 1 | M31: 46108 | N31: 무응답 | O31: 2026.04.01
A32: 31 | B32: 진행 중 | C32: 플레이리스트 | D32: 김은진 | E32: 세레나Serena | F32: https://www.youtube.com/channel/UCg86iE8XN1-pxT-lR9BDy-g | H32: serena00800@gmail.com | I32: 요즘 것들 돈버는 이야기,일터뷰 츨연 | K32: 0 | L32: 1 | M32: 46108 | N32: 무응답 | O32: 2026.04.01
A33: 32 | B33: 제외 | C33: 플레이리스트 | D33: 김상원 | E33: apple pie | F33: https://www.youtube.com/channel/UCqI4PHxIU-Onj_YGCzTRzWA | K33: 0 | L33: 1 | M33: 46108
A34: 33 | B34: 진행 중 | C34: 플레이리스트 | D34: 장찬민 | E34: Castle Brock | F34: https://www.youtube.com/channel/UCV4k4iL-2RUNFRcvBTBe0jA | H34: jacob68.seo@gmail.com | I34: 운영하는 블로그, aion.official.ai@gmail.com | K34: 0 | L34: 1 | M34: 46108 | N34: 무응답 | O34: 2026.04.01
A35: 34 | B35: 진행 중 | C35: 플레이리스트 | D35: 원소영 | E35: Flow Music | F35: https://www.youtube.com/channel/UCC6fYTZ9AIkqNy6zYEHVwow | H35: flowmu@naver.com | I35: 네이버카페 | K35: 0 | L35: 1 | M35: 46108 | N35: 무응답 | O35: 2026.04.01
A36: 35 | B36: 진행 중 | C36: 플레이리스트 | D36: 장찬민 | E36: 우야 𝙇𝙤𝙪𝙣𝙜𝙚 | F36: https://www.youtube.com/channel/UC4p55vEp6hc1fZ-raIGQw9Q | H36: wooo00.ya.0@gmail.com | I36: ailifeinnovation@gmail.com | K36: 0 | L36: 1 | M36: 46108 | N36: 무응답 | O36: 2026.04.01
A37: 36 | B37: 진행 중 | C37: 플레이리스트 | D37: 원소영 | E37: 상어오브뮤직 | F37: https://www.youtube.com/channel/UCdlRwlBDCiAhnp2nq9QWbcw | H37: sharkofmusic@naver.com | I37: AI를 이용한 인스타툰, 블로그 글, 유투브 등 제작 | K37: 0 | L37: 1 | M37: 46108 | N37: 무응답 | O37: 2026.04.01
A38: 37 | B38: 진행 중 | C38: 플레이리스트 | D38: 이해수 | E38: 달밤의 오보에 Moonlight Oboe | F38: https://www.youtube.com/channel/UC-zkqwg5Ts1a7C0sFlokP-A | H38: moonlightoboe@gmail.com | K38: 0 | L38: 1 | M38: 46108 | N38: 무응답 | O38: 2026.04.01
A39: 38 | B39: 진행 중 | C39: 플레이리스트 | D39: 정승희 | E39: Pair Piano | F39: https://www.youtube.com/channel/UC-sGBpquT8KThBJ2ruLdg-Q | H39: pairpiano0817@gmail.com | K39: 0 | L39: 1 | M39: 46108 | N39: 무응답 | O39: 2026.04.01
A40: 39 | B40: 진행 중 | C40: 플레이리스트 | D40: 김지상 | E40: 메르헨 Marchen | F40: https://www.youtube.com/channel/UCuad7SsgU6SabSQaBY9TsFg | H40: Marchen813@gmail.com | K40: 0 | L40: 1 | M40: 46108 | N40: 무응답 | O40: 2026.04.01
A41: 40 | B41: 진행 중 | C41: 플레이리스트 | D41: 김지상 | E41: 띵곡맛집 | F41: https://www.youtube.com/channel/UCQNX0yOZau7cxuheeXEAb_g | H41: sanghun_bk@naver.com | K41: 0 | L41: 1 | M41: 46108 | N41: 무응답 | O41: 2026.04.01
A42: 41 | B42: 진행 중 | C42: 플레이리스트 | D42: 국선우 | E42: HealingMate - Dog Music | F42: https://www.youtube.com/channel/UC_0X20s5VVUQJllk_S3FCPQ | H42: healingmate@gmail.com | K42: 0 | L42: 1 | M42: 46108 | N42: 무응답 | O42: 2026.04.01
A43: 42 | B43: 진행 중 | C43: 플레이리스트 | D43: 박응석 | E43: Cold Water | F43: https://www.youtube.com/channel/UCpi4NSNZrV3oBtgpdaEGeyw | H43: coldwaterletter@gmail.com | K43: 0 | L43: 1 | M43: 46108 | N43: 무응답 | O43: 2026.04.01
A44: 43 | B44: 진행 중 | C44: 플레이리스트 | D44: 김지상 | E44: DUGGY MUSIC | F44: https://www.youtube.com/channel/UCvjoc8M_tZKmelczU4EtKAw | H44: dydydml22@naver.com | K44: 0 | L44: 1 | M44: 46108 | N44: 무응답 | O44: 2026.04.01
A45: 44 | B45: 진행 중 | C45: 플레이리스트 | D45: 김승철 | E45: Healing Energy for Soul | F45: https://www.youtube.com/channel/UCboqmwN682NPFew8Wp8Qdmg | H45: piano@heliosrecord.com | K45: 0 | L45: 1 | M45: 46108 | N45: 무응답 | O45: 2026.04.01
A46: 45 | B46: 제외 | C46: 플레이리스트 | D46: 김지상 | E46: 공부의신 강성태 | F46: https://www.youtube.com/channel/UCsLgKKiv8kDDGy1stC8BxVA | K46: 0 | L46: 1 | M46: 46108
A47: 46 | B47: 제외 | C47: 플레이리스트 | D47: 김지상 | E47: 건반DIARY | F47: https://www.youtube.com/channel/UChF20sN4ttlSXLO6mLv1rGg | K47: 0 | L47: 1 | M47: 46108 | N47: 거절
A48: 47 | B48: 진행 중 | C48: 플레이리스트 | D48: 김지상 | E48: Ian Chung 이언 정 | F48: https://www.youtube.com/channel/UC0Myfvs95yARJGE94m3PccQ | H48: music.ianchung@gmail.com | K48: 0 | L48: 1 | M48: 46108 | N48: 무응답 | O48: 2026.04.01
A49: 48 | B49: 진행 중 | C49: 플레이리스트 | D49: 김지상 | E49: 슈바미 | F49: https://www.youtube.com/channel/UCVUH4YfinErRE44BkKiq2YQ | H49: subymee@gmail.com | K49: 0 | L49: 1 | M49: 46108 | N49: 무응답 | O49: 2026.04.01
A50: 49 | B50: 진행 중 | C50: 플레이리스트 | D50: 김동휘 | E50: 손경민 김정희Son Kyungmin Official | F50: https://www.youtube.com/channel/UCIyvPLWipoYrkutcssIoJnA | H50: gracepeople0716@gmail.com | K50: 0 | L50: 1 | M50: 46108 | N50: 무응답 | O50: 2026.04.01
A51: 50 | B51: 진행 중 | C51: 플레이리스트 | D51: 원소영 | E51: 얘들아 사랑해 | F51: https://www.youtube.com/channel/UC26IU0OUxOuGyzyR7aWe2Hw | H51: canalogcanalog@gmail.com | I51: 네이버카페 | K51: 0 | L51: 1 | M51: 46108 | N51: 무응답 | O51: 2026.04.01
A52: 51 | B52: 진행 중 | C52: 플레이리스트 | D52: 원소영 | E52: Ending Credits | F52: https://www.youtube.com/channel/UCw3MdFWb-4kdjtx-Y19I3hw | H52: noterworks@gmail.com | I52: 네이버카페 | K52: 0 | L52: 1 | M52: 46108 | N52: 무응답 | O52: 2026.04.01
A53: 52 | B53: 진행 중 | C53: 플레이리스트 | D53: 김동휘 | E53: 윤지지 | F53: https://www.youtube.com/channel/UCUk5qF_U4Mrl023952gGX5w | H53: yunzizi20@gmail.com | I53: 도서 판매 중 | K53: 0 | L53: 1 | M53: 46108 | N53: 무응답 | O53: 2026.04.01
A54: 53 | B54: 진행 중 | C54: 플레이리스트 | D54: 김예빈 | E54: 민플리 ᴘʟᴀʏʟɪsᴛ | F54: https://www.youtube.com/channel/UCq3RYCIkwYmIDbtI0ThEk6A | H54: coralmellowow@gmail.com | I54: gmltmd03@naver.com | K54: 0 | L54: 1 | M54: 46108 | N54: 무응답 | O54: 2026.04.01
A55: 54 | B55: 진행 중 | C55: 플레이리스트 | D55: 이해수 | E55: 지난플리 | F55: https://www.youtube.com/channel/UCBg0JMJrF6_Y3I1YpvvXLKA | H55: joshuajoshuakim@gmail.com | I55: 채널톡 | K55: 0 | L55: 1 | M55: 46108 | N55: 무응답 | O55: 2026.04.01
A56: 55 | B56: 진행 중 | C56: 플레이리스트 | D56: 정승희 | E56: 읏추읏추 | F56: https://www.youtube.com/channel/UCD23NqM89ZcJk1EKDjfMeMg | H56: popsong2126@gmail.com | I56: 플랫폼 강의 중 | K56: 0 | L56: 1 | M56: 46108 | N56: 무응답 | O56: 2026.04.01
A57: 56 | B57: 진행 중 | C57: 플레이리스트 | D57: 정승희 | E57: Gina | F57: https://www.youtube.com/channel/UCXrHUng3QOT9g0JnIYUT7AQ | H57: ginaworship@gmail.com | K57: 0 | L57: 1 | M57: 46108 | N57: 무응답 | O57: 2026.04.01
A58: 57 | B58: 제외 | C58: 플레이리스트 | D58: 김동휘 | E58: 이팔플리 | F58: https://www.youtube.com/channel/UC4_Ega4c2RVe776qOwWtemQ | I58: 오픈채팅 | K58: 0 | L58: 1 | M58: 46108 | N58: 거절
A59: 58 | B59: 진행 중 | C59: 플레이리스트 | D59: 김은진 | E59: seroma room | F59: https://www.youtube.com/channel/UCEpumCWJ6HI4EHd3OcoZkyw | H59: seromaroom@gmail.com | K59: 0 | L59: 1 | M59: 46108 | N59: 무응답 | O59: 2026.04.01
A60: 59 | B60: 진행 중 | C60: 플레이리스트 | D60: 김지상 | E60: 기몽초 ɢɪᴍᴏɴɢᴄʜᴏ | F60: https://www.youtube.com/channel/UCPzjGcGQeC9BckS6a18sJMg | H60: gimongcho@gmail.com | K60: 0 | L60: 1 | M60: 46108 | N60: 무응답 | O60: 2026.04.01
A61: 60 | B61: 진행 중 | C61: 플레이리스트 | D61: 정세희 | E61: 퍼스널 Personal | F61: https://www.youtube.com/channel/UCjO4StI9jjPI9xSIIixsYdw | H61: personal.playlist@kakaoent.com | K61: 0 | L61: 1 | M61: 46108 | N61: 무응답 | O61: 2026.04.01
A62: 61 | B62: 진행 중 | C62: 플레이리스트 | D62: 김지상 | E62: lovishowsp | F62: https://www.youtube.com/channel/UCvgroUFOLNyVIKz15uvTVVw | H62: arim0117@naver.com | K62: 0 | L62: 1 | M62: 46108 | N62: 무응답 | O62: 2026.04.01
A63: 62 | B63: 진행 중 | C63: 플레이리스트 | D63: 김승철 | E63: 별빛 | F63: https://www.youtube.com/channel/UCEoDj_se6I_r5J0RIQRyAOg | H63: kk020315@naver.com | K63: 0 | L63: 1 | M63: 46108 | N63: 무응답 | O63: 2026.04.01
A64: 63 | B64: 진행 중 | C64: 플레이리스트 | D64: 김지상 | E64: All was well | F64: https://www.youtube.com/channel/UCHHkP5D3JP0W4opHXMa7WyQ | H64: allwaswell.kr@gmail.com | I64: 링크트리 | K64: 0 | L64: 1 | M64: 46108 | N64: 무응답 | O64: 2026.04.01
A65: 64 | B65: 진행 중 | C65: 플레이리스트 | D65: 김지상 | E65: 종팝 | F65: https://www.youtube.com/channel/UC__SUWseYmg9U37hfAb1x-w | H65: jongpop_youtube@naver.com | K65: 0 | L65: 1 | M65: 46108 | N65: 무응답 | O65: 2026.04.01
A66: 65 | B66: 진행 중 | C66: 플레이리스트 | D66: 김동휘 | E66: 차가운 국물 | F66: https://www.youtube.com/channel/UCU5ceUtbrpEWeqV0urY8Fzg | H66: coldsoup36@gmail.com | K66: 0 | L66: 1 | M66: 46108 | N66: 무응답 | O66: 2026.04.01
A67: 66 | B67: 진행 중 | C67: 플레이리스트 | D67: 김상중 | E67: KiKI | F67: https://www.youtube.com/channel/UCE3baDCoGeKNheTjtlIfTPw | H67: shimse1405@gmail.com | I67: 네이버 카페 | K67: 0 | L67: 1 | M67: 46108 | N67: 무응답 | O67: 2026.04.01
A68: 67 | B68: 진행 중 | C68: 플레이리스트 | D68: 김동휘 | E68: 라이크둠칫 | F68: https://www.youtube.com/channel/UCl22RiXFscUiaZ02UWAYjyQ | H68: likedoomchit@gmail.com | I68: 비메오 | K68: 0 | L68: 1 | M68: 46108 | N68: 무응답 | O68: 2026.04.01
A69: 68 | B69: 진행 중 | C69: 플레이리스트 | D69: 정승희 | E69: 동그라미 circlemusic | F69: https://www.youtube.com/channel/UCqQzFWlSNfJma_jXPHdbzjA | H69: circlemusic00@gmail.com | K69: 0 | L69: 1 | M69: 46108 | N69: 무응답 | O69: 2026.04.01
A70: 69 | B70: 진행 중 | C70: 플레이리스트 | D70: 국선우 | E70: Breve Joy | F70: https://www.youtube.com/channel/UCDoCufKymcD-ups-KfzUM8g | H70: brevejoy1@gmail.com | K70: 0 | L70: 1 | M70: 46108 | N70: 무응답 | O70: 2026.04.01
A71: 70 | B71: 진행 중 | C71: 플레이리스트 | D71: 국선우 | E71: 리스펙 뮤직 『Respect Music』 | F71: https://www.youtube.com/channel/UCFbQ_p8s6WYv5JDDCT91j5A | H71: respectmusic435@gmail.com | K71: 0 | L71: 1 | M71: 46108 | N71: 무응답 | O71: 2026.04.01
A72: 71 | B72: 진행 중 | C72: 플레이리스트 | D72: 정승희 | E72: Heaven Hazy | F72: https://www.youtube.com/channel/UCQhkIK2TWLY8tCkmya_GRYg | H72: playlistdjjun1000@gmail.com | K72: 0 | L72: 1 | M72: 46108 | N72: 무응답 | O72: 2026.04.01
A73: 72 | B73: 제외 | C73: 플레이리스트 | D73: 정승희 | E73: Real Music리얼 뮤직 | F73: https://www.youtube.com/channel/UCzCflTAaZA7FjwvkOh9cSig | K73: 0 | L73: 1 | M73: 46108
A74: 73 | B74: 진행 중 | C74: 플레이리스트 | D74: 김승철 | E74: MAS / Modern Arts Society | F74: https://www.youtube.com/channel/UCp1SiKl5R-YWIEO9pMaN4uw | H74: worklesscreatemore@gmail.com | K74: 0 | L74: 1 | M74: 46108 | N74: 무응답 | O74: 2026.04.01
A75: 74 | B75: 진행 중 | C75: 플레이리스트 | D75: 김지상 | E75: H녀 | F75: https://www.youtube.com/channel/UCiKEFY49JIvpOOdTHgsWQHw | H75: hgirl.playlist@gmail.com | K75: 0 | L75: 1 | M75: 46108 | N75: 무응답 | O75: 2026.04.01
A76: 75 | B76: 진행 중 | C76: 플레이리스트 | D76: 김지상 | E76: Veluune | F76: https://www.youtube.com/channel/UCDgwR9F59q1yafJvL914gnw | H76: veluune1@gmail.com | K76: 0 | L76: 1 | M76: 46108 | N76: 무응답 | O76: 2026.04.01
A77: 76 | B77: 진행 중 | C77: 플레이리스트 | D77: 정세희 | E77: Salang Log | F77: https://www.youtube.com/channel/UCc1wjdqVct3qIHBRkWaHACg | H77: moodin7777@gmail.com | I77: 개인_전자책 2 | K77: 0 | L77: 1 | M77: 46108 | N77: 무응답 | O77: 2026.04.01
A78: 77 | B78: 진행 중 | C78: 플레이리스트 | D78: 정세희 | E78: Properbeats | F78: https://www.youtube.com/channel/UCHOLG07CQS7M1_dJZc-3-iA | H78: Properbeats@outlook.com | K78: 0 | L78: 1 | M78: 46108 | N78: 무응답 | O78: 2026.04.01
A79: 78 | B79: 진행 중 | C79: 플레이리스트 | D79: 김지상 | E79: 힙재 HIPJAE 🎵 | F79: https://www.youtube.com/channel/UCsRBNFWeEjgQ9Nhd1H6yp0Q | H79: aing2012@naver.com | K79: 0 | L79: 1 | M79: 46108 | N79: 무응답 | O79: 2026.04.01
A80: 79 | B80: 진행 중 | C80: 플레이리스트 | D80: 윤예영 | E80: 플리메이커 | F80: https://www.youtube.com/channel/UCdtTdLBYBjFdx23baTBDeQQ | H80: plimaker108@gmail.com | K80: 0 | L80: 1 | M80: 46108 | N80: 무응답 | O80: 2026.04.01
A81: 80 | B81: 진행 중 | C81: 플레이리스트 | D81: 김지상 | E81: Dj 6ix9ine | F81: https://www.youtube.com/channel/UCsp8mno4MpF_ArHwRiwEd7w | H81: france1994@naver.com | K81: 0 | L81: 1 | M81: 46108 | N81: 무응답 | O81: 2026.04.01
A82: 81 | B82: 진행 중 | C82: 플레이리스트 | D82: 정승희 | E82: midmeloo | F82: https://www.youtube.com/channel/UCp83pZvhdmahAvBfVrhgMLQ | H82: midmelooo@gmail.com | K82: 0 | L82: 1 | M82: 46108 | N82: 무응답 | O82: 2026.04.01
A83: 82 | B83: 진행 중 | C83: 플레이리스트 | D83: 김지상 | E83: FINI PLAYLIST | F83: https://www.youtube.com/channel/UCEn-k2Tlf2ivWxcCEUSARkg | H83: infiniteconcept@naver.com | K83: 0 | L83: 1 | M83: 46108 | N83: 무응답 | O83: 2026.04.01
A84: 83 | B84: 진행 중 | C84: 플레이리스트 | D84: 정세희 | E84: Ashi Glow | F84: https://www.youtube.com/channel/UC7ZbsAvQg58DXHnh71sX4DQ | H84: ashiglowx@gmail.com | I84: 도서판매 | K84: 0 | L84: 1 | M84: 46108 | N84: 무응답 | O84: 2026.04.01
A85: 84 | B85: 진행 중 | C85: 플레이리스트 | D85: 국선우 | E85: MAVOFFICIAL | F85: https://www.youtube.com/channel/UCaxlSM4irfV4rk72JUmecoQ | H85: mavofficial2020@gmail.com | K85: 0 | L85: 1 | M85: 46108 | N85: 무응답 | O85: 2026.04.01
A86: 85 | B86: 진행 중 | C86: 플레이리스트 | D86: 김상중 | E86: 도언 | F86: https://www.youtube.com/channel/UCL2kX39zdaCjUsASY3eW4yw | H86: heronewskr@naver.com | K86: 0 | L86: 1 | M86: 46108 | N86: 무응답 | O86: 2026.04.01
A87: 86 | B87: 진행 중 | C87: 플레이리스트 | D87: 정세희 | E87: 요하 YOHA | F87: https://www.youtube.com/channel/UCHfOXTna4Eq5LgpDmtoMyIg | H87: yohapopwave@gmail.com | I87: 셀팜님 제자_ 확인필요 | K87: 0 | L87: 1 | M87: 46108 | N87: 무응답 | O87: 2026.04.01
A88: 87 | B88: 진행 중 | C88: 플레이리스트 | D88: 김지상 | E88: 피스 | F88: https://www.youtube.com/channel/UCydX6z-JETLHEuPB0RrCg_g | H88: deadpeacepool@gmail.com | K88: 0 | L88: 1 | M88: 46108 | N88: 무응답 | O88: 2026.04.01
A89: 88 | B89: 제외 | C89: 플레이리스트 | D89: 박응석 | E89: 딩고 뮤직 / dingo music | F89: https://www.youtube.com/channel/UCtCiO5t2voB14CmZKTkIzPQ | K89: 0 | L89: 1 | M89: 46108
A90: 89 | B90: 진행 중 | C90: 플레이리스트 | D90: 신인철 | E90: JINSEE | F90: https://www.youtube.com/channel/UCMA3vZg15MuDE0H72VdicHA | H90: wlsthf002@naver.com | I90: AI를 활용한 글쓰기도 진행 | K90: 0 | L90: 1 | M90: 46108 | N90: 무응답 | O90: 2026.04.01
A91: 90 | B91: 진행 중 | C91: 플레이리스트 | D91: 송성현 | E91: 우리들의낙원상가 | F91: https://www.youtube.com/channel/UC9pCotS0U7NGHDK40_c_kgA | H91: balancingbalanced@gmail.com | K91: 0 | L91: 1 | M91: 46108 | N91: 무응답 | O91: 2026.04.01
A92: 91 | B92: 제외 | C92: 플레이리스트 | D92: 주수현 | E92: 엉클지니 | F92: https://www.youtube.com/channel/UCQeMEUG8Qd1LU6IfCHWn9Fg | K92: 0 | L92: 1 | M92: 46108 | N92: 거절
A93: 92 | B93: 진행 중 | C93: 플레이리스트 | D93: 김동휘 | E93: 노르웨이 숲 Norwegian Wood | F93: https://www.youtube.com/channel/UCLHYWdHibzsnW1M8ezRaxpQ | H93: norwegianwood0117@gmail.com | I93: 유튜브 길라잡이 특강 | K93: 0 | L93: 1 | M93: 46108 | N93: 무응답 | O93: 2026.04.01
A94: 93 | B94: 진행 중 | C94: 플레이리스트 | D94: 강은비 | E94: 리플레이LEEPLAY | F94: https://www.youtube.com/channel/UCKxknVfRWj3YKZuE_qiWZ4Q | H94: lsm0787@gmail.com | K94: 0 | L94: 1 | M94: 46108 | N94: 무응답 | O94: 2026.04.01
A95: 94 | B95: 진행 중 | C95: 플레이리스트 | D95: 강은비 | E95: 반고흐가 되고싶어 Playlist | F95: https://www.youtube.com/channel/UCU_nDPxADHrSQKHUIzf5m3Q | H95: wantobe.vangogh@gmail.com | K95: 0 | L95: 1 | M95: 46108 | N95: 무응답 | O95: 2026.04.01
A96: 95 | B96: 진행 중 | C96: 플레이리스트 | D96: 강은비 | E96: 클로이카 | F96: https://www.youtube.com/channel/UCznZaSZISPWtFf1u3VZ5Zeg | H96: chloe20222@naver.com | K96: 0 | L96: 1 | M96: 46108 | N96: 무응답 | O96: 2026.04.01
A97: 96 | B97: 진행 중 | C97: 플레이리스트 | D97: 김지상 | E97: Laura’s | F97: https://www.youtube.com/channel/UCfOmpIVeyaoRVB2jjNAbbjA | H97: keshavmandal24@gmail.com | K97: 0 | L97: 1 | M97: 46108 | N97: 무응답 | O97: 2026.04.01
A98: 97 | B98: 진행 중 | C98: 플레이리스트 | D98: 김지상 | E98: by the way | F98: https://www.youtube.com/channel/UCabXkcm1Nwe2Ra8_VUvCcMA | H98: osh123qw@gmail.com | K98: 0 | L98: 1 | M98: 46108 | N98: 무응답 | O98: 2026.04.01
A99: 98 | B99: 진행 중 | C99: 플레이리스트 | D99: 송성현 | E99: Tido Kang | F99: https://www.youtube.com/channel/UCoEC_KrFVcmGx27vfZ-hiyg | H99: kangtido@naver.com | K99: 0 | L99: 1 | M99: 46108 | N99: 무응답 | O99: 2026.04.01
A100: 99 | B100: 진행 중 | C100: 플레이리스트 | D100: 김승철 | E100: Imdoong임둥 | F100: https://www.youtube.com/channel/UCo0ac-PFaLaF75P-o0tGR2w | H100: imdoong64@naver.com | K100: 0 | L100: 1 | M100: 46108 | N100: 무응답 | O100: 2026.04.01
...

Sheet 진행중
A1: No | B1: 상태 | D1: 분야 | F1: 강사명 | J1: 유튜브 | K1: 인스타 | L1: 이메일 / 전화번호 | N1: 발송채널 | O1: DM | P1: 이메일 | Q1: 문자 | R1: 1차발송일 | S1: 1차 결과 | T1: 2차 발송일 | U1: 2차 결과 | V1: 3차 발송일 | W1: 3차 결과 | X1: 최종상태 | Y1: 미팅메모 | Z1: 비고
A2: {=IF(B2:B987<>"", ROW(B2:B987)-1, "")} -> 1 | B2: 계약 완료 | D2: 해외구매대행 | E2: 정세희 | F2: 핫뜨 | G2: https://www.youtube.com/watch?v=elhxzHXqGRw | H2: O | I2: 개인 컨설팅 | J2: https://www.youtube.com/@hotdd2030/shorts | M2: 연락해봄 (기다림) | X2: 계약 완료
A3: 2 | B3: 계약 완료 | D3: 구글 온라인 자동화 수입 | E3: 김서윤 | F3: 선한부자 오가닉 | G3: https://class101.net/ko/products/61f68f1cf3a2e1000d780fda | H3: ㅇ | I3: 클래스 101 | J3: https://youtube.com/channel/UChIn7_WTuf2NcRBCvXgv2EA?si=HbthIS3jUHZtK_kV | K3: https://www.instagram.com/positiverich_organic?igsh=MXQwcmx4NDhmc2FhZQ== | M3: 연락해봄 (기다림) | R3: =IF(AND(S3=1,T3=0),"DM",IF(AND(S3=0,T3=1),"이메일",IF(AND(S3=1,T3=1),"DM+이메일",""))) | X3: 계약 완료
A4: 3 | B4: 계약 완료 | G4: https://weolbu.com/product?displaySeq=1002&utm_source=creator&utm_medium=affiliate&utm_campaign=class_organic&utm_content=traffic_creator_24&utm_term=youtube&fbclid=PAY2xjawHdzNVleHRuA2FlbQIxMAABppHOhAX0rOzfKK5kSFLSzIEFFXYHUBaYSTLJ-TOgoP6cQLcCGS8H_a_Igg_aem_-T_zv0UGunC1YUFbHudqEg | I4: 월부닷컴 | R4: =IF(AND(S4=1,T4=0),"DM",IF(AND(S4=0,T4=1),"이메일",IF(AND(S4=1,T4=1),"DM+이메일",""))) | X4: 계약 완료
A5: 4 | B5: 계약 완료 | D5: AI 상세페이지 | E5: 김상원 | F5: 디선제압 | G5: https://www.youtube.com/@%EB%94%94%EC%84%A0%EC%A0%9C%EC%95%95 | H5: X | M5: open.kakao.com/o/gWMf3K3g | R5: =IF(AND(S5=1,T5=0),"DM",IF(AND(S5=0,T5=1),"이메일",IF(AND(S5=1,T5=1),"DM+이메일",""))) | X5: 계약 완료
A6: 5 | B6: 계약 완료 | D6: 상세페이지 기획 (AI) | E6: 정승희 | F6: 페이지부스터 | G6: 유튜브 | H6: X | J6: 유튜브 | M6: 이메일 | R6: =IF(AND(S6=1,T6=0),"DM",IF(AND(S6=0,T6=1),"이메일",IF(AND(S6=1,T6=1),"DM+이메일",""))) | X6: 계약 완료
A7: 6 | B7: 계약 완료 | D7: AI 유튜브 수익화 | E7: 윤원경 | F7: 지인옥 (작가) | G7: 블로그 | H7: ? | I7: 런칭하려고 웨비나받음 | J7: http://www.youtube.com/@%EC%A7%80%EC%9D%B8%EC%98%A5 | K7: https://www.instagram.com/jee_writer?igsh=bHppbnV6dGwybm05 | L7: https://jeeinok.com/ai-youtube-landing | R7: =IF(AND(S7=1,T7=0),"DM",IF(AND(S7=0,T7=1),"이메일",IF(AND(S7=1,T7=1),"DM+이메일",""))) | X7: 계약 완료
A8: 7 | B8: 계약 완료 | D8: AI 숏츠 | E8: 국선우 | F8: 제이 온리 | G8: 인스타 | H8: o | I8: 개인 | K8: https://www.instagram.com/j_only8?utm_source=ig_web_button_share_sheet&igsh=cTJwMG9yZGpoMDh0 | R8: =IF(AND(S8=1,T8=0),"DM",IF(AND(S8=0,T8=1),"이메일",IF(AND(S8=1,T8=1),"DM+이메일",""))) | X8: 계약 완료
A9: 8 | B9: 계약 완료 | D9: AI 상세페이지 | E9: 정승희 | F9: 이지디자인 | G9: 유튜브 | H9: O | I9: 패스트 캠퍼스 | J9: https://www.youtube.com/@EasyDesign_ED/videos | K9: https://www.instagram.com/easy_design.ed/ | L9: easydesign502@gmail.com | M9: 누적 수강생 8,000명 | R9: =IF(AND(S9=1,T9=0),"DM",IF(AND(S9=0,T9=1),"이메일",IF(AND(S9=1,T9=1),"DM+이메일",""))) | X9: 계약 완료
A10: 9 | B10: 진행 중 | D10: 티스토리블로그, 구글애드센스 | E10: 김서윤 | F10: 리뷰요정리남 | G10: https://class101.net/ko/products/5dcd2c1f0bdefc4e498af73e | H10: O | I10: 클래스 101 | J10: https://www.youtube.com/channel/UCRx7_s9Mvw9j2mLSaj6X70g | K10: https://www.instagram.com/reviewyojung/# | L10: reviewyojung@naver.com | N10: =IF(AND(O10=1,P10=0),"DM",IF(AND(O10=0,P10=1),"이메일",IF(AND(O10=1,P10=1),"DM+이메일",""))) -> DM+이메일 | O10: 1 | P10: 1 | Q10: 0 | T10: 46108 | U10: 무응답 | V10: 2026.04.01
A11: 10 | B11: 진행 중 | D11: 생성형 AI | E11: 김지상 | F11: 챗GPT강사 이도혜 | H11: O | I11: 개인 | J11: https://www.youtube.com/@chatgpt.114/videos | K11: https://www.instagram.com/tiffany_story__ | L11: dohye.edu@gmail.com | M11: 너무 많은곳을하고있음 | N11: =IF(AND(O11=1,P11=0),"DM",IF(AND(O11=0,P11=1),"이메일",IF(AND(O11=1,P11=1),"DM+이메일",""))) -> DM+이메일 | O11: 1 | P11: 1 | Q11: 0 | T11: 46108 | U11: 무응답 | V11: 2026.04.01
A12: 11 | B12: 진행 중 | D12: 해외 및 국내 구매 대행 | E12: 정세희 | F12: 부추경자 | G12: 부추경자 블로그 https://www.youtube.com/watch?v=6xMbPBWr_AU | H12: O | I12: 현) 개인 컨설팅 전) 타이탄 수강생, 초청 강사 | J12: https://www.youtube.com/channel/UCsXCQkVgOZMwlaXqVr3rpjQ | K12: https://www.instagram.com/buchugj/ | L12: darmvit@naver.com | N12: =IF(AND(O12=1,P12=0),"DM",IF(AND(O12=0,P12=1),"이메일",IF(AND(O12=1,P12=1),"DM+이메일",""))) -> DM+이메일 | O12: 1 | P12: 1 | Q12: 0 | T12: 46108 | U12: 무응답 | V12: 2026.04.01
A13: 12 | B13: 진행 중 | D13: 소형 꼬마빌딩 수익화 | E13: 김지상 | F13: 차빌 TV | G13: 링크트리 | H13: X | J13: https://www.youtube.com/@TVchabuil | K13: https://www.instagram.com/chabuil_1/ | L13: chabuil@chabuil.com | N13: =IF(AND(O13=1,P13=0),"DM",IF(AND(O13=0,P13=1),"이메일",IF(AND(O13=1,P13=1),"DM+이메일",""))) -> DM+이메일 | O13: 1 | P13: 1 | Q13: 0 | T13: 46108 | U13: 무응답 | V13: 2026.04.01
A14: 13 | B14: 진행 중 | D14: 구매대행 | E14: 김지상 | F14: 사업하는 뚜벅이 | G14: 링크트리 | H14: O | I14: 비즈부스트 | J14: https://www.youtube.com/@Satddu | K14: https://www.instagram.com/satddu/ | L14: Innerpeaceer@gmail.com | N14: =IF(AND(O14=1,P14=0),"DM",IF(AND(O14=0,P14=1),"이메일",IF(AND(O14=1,P14=1),"DM+이메일",""))) -> DM+이메일 | O14: 1 | P14: 1 | Q14: 0 | T14: 46108 | U14: 무응답 | V14: 2026.04.01
A15: 14 | B15: 진행 중 | D15: 부동산 | E15: 김지상 | F15: 하니 | G15: 링크트리 | H15: O | I15: 클래스101 | J15: https://www.youtube.com/@WeelborgWilkens | K15: https://www.instagram.com/min_is__/ | N15: =IF(AND(O15=1,P15=0),"DM",IF(AND(O15=0,P15=1),"이메일",IF(AND(O15=1,P15=1),"DM+이메일",""))) -> DM | O15: 1 | P15: 0 | Q15: 0 | T15: 46108
A16: 15 | B16: 진행 중 | D16: (7월 2째주 시작) AI | E16: 이해수 | F16: AI돈나 | G16: https://www.youtube.com/@aidonnawa | H16: ? | J16: https://www.youtube.com/@aidonnawa | L16: bokhan2329@gmail.com | N16: =IF(AND(O16=1,P16=0),"DM",IF(AND(O16=0,P16=1),"이메일",IF(AND(O16=1,P16=1),"DM+이메일",""))) -> 이메일 | O16: 0 | P16: 1 | Q16: 0 | T16: 46108 | U16: 무응답 | V16: 2026.04.01
A17: 16 | B17: 진행 중 | D17: AI | E17: 김은진 | F17: gpt_kimsa | H17: ㅇ | I17: 개인강의/카카오 비즈니스 | J17: https://youtube.com/@gpt_kimisa?si=yMw3t-PGfBRjAGHJ | K17: https://www.instagram.com/gpt_kimisa?igsh=dXhidTVwdmFoc2d2 | L17: billykim1005@gmail.com | M17: 생성형 AI 강의 진행중 (자체 강의) | N17: =IF(AND(O17=1,P17=0),"DM",IF(AND(O17=0,P17=1),"이메일",IF(AND(O17=1,P17=1),"DM+이메일",""))) -> DM+이메일 | O17: 1 | P17: 1 | Q17: 0 | T17: 46108 | U17: 무응답 | V17: 2026.04.01
A18: 17 | B18: 진행 중 | D18: AI 상세페이지 | E18: 김예빈 | F18: 독립D | H18: x | J18: http://www.youtube.com/@doklip.D | K18: http://instagram.com/doklip.d | L18: doklip.d@gmail.com | N18: =IF(AND(O18=1,P18=0),"DM",IF(AND(O18=0,P18=1),"이메일",IF(AND(O18=1,P18=1),"DM+이메일",""))) -> DM+이메일 | O18: 1 | P18: 1 | Q18: 0 | T18: 46108 | U18: 무응답 | V18: 2026.04.01
A19: 18 | B19: 진행 중 | D19: AI 영상 | E19: 정세희 | F19: 왼손 WENSON AI | H19: o | I19: (소액)자체 강의 플랫폼 | J19: https://www.youtube.com/@wensonai/videos | L19: ilowme@naver.com | N19: =IF(AND(O19=1,P19=0),"DM",IF(AND(O19=0,P19=1),"이메일",IF(AND(O19=1,P19=1),"DM+이메일",""))) -> 이메일 | O19: 0 | P19: 1 | Q19: 0 | T19: 46108 | U19: 무응답 | V19: 2026.04.01
A20: 19 | B20: 진행 중 | D20: AI 로켓그로스 | E20: 정승희 | F20: 일렌 | G20: 유튜브 | H20: o | I20: 개인강의/10기 | J20: https://www.youtube.com/@ihlen_tv | K20: https://www.instagram.com/ihlen_online_business_coach/ | L20: ihlenco@naver.com | N20: =IF(AND(O20=1,P20=0),"DM",IF(AND(O20=0,P20=1),"이메일",IF(AND(O20=1,P20=1),"DM+이메일",""))) -> DM+이메일 | O20: 1 | P20: 1 | Q20: 0 | T20: 46108 | U20: 무응답 | V20: 2026.04.01
A21: 20 | B21: 진행 중 | D21: AI 영상 | E21: 정세희 | F21: 디스이즈머니 | G21: 전자책(블로그) | H21: x | J21: https://www.youtube.com/channel/UClP2hW295JL_o-lESiMY0fg/join | L21: boxtvstar@gmail.com | N21: =IF(AND(O21=1,P21=0),"DM",IF(AND(O21=0,P21=1),"이메일",IF(AND(O21=1,P21=1),"DM+이메일",""))) -> 이메일 | O21: 0 | P21: 1 | Q21: 0 | T21: 46108 | U21: 무응답 | V21: 2026.04.01
A22: 21 | B22: 진행 중 | D22: AI 영상 | E22: 정세희 | F22: 사이드퀘스트 | H22: X | J22: https://www.youtube.com/@%EC%82%AC%EC%9D%B4%EB%93%9C%ED%80%98%EC%8A%A4%ED%8A%B8/videos | L22: SideQuest316@gmail.com | N22: =IF(AND(O22=1,P22=0),"DM",IF(AND(O22=0,P22=1),"이메일",IF(AND(O22=1,P22=1),"DM+이메일",""))) -> 이메일 | O22: 0 | P22: 1 | Q22: 0 | T22: 46108 | U22: 무응답 | V22: 2026.04.01
A23: 22 | B23: 진행 중 | D23: 부동산 경매 | E23: 윤예영 | F23: 알론소운(고운정) | G23: 패스트캠퍼스 | H23: O | I23: 패스트캠퍼스 | J23: https://www.youtube.com/@alonso_woon | L23: alonso_woon@naver.com | M23: VOD판매중 | N23: =IF(AND(O23=1,P23=0),"DM",IF(AND(O23=0,P23=1),"이메일",IF(AND(O23=1,P23=1),"DM+이메일",""))) -> 이메일 | O23: 0 | P23: 1 | Q23: 0 | T23: 46108 | U23: 무응답 | V23: 2026.04.01
A24: 23 | B24: 진행 중 | D24: AI스마트스토어 | E24: 윤예영 | F24: 한이룸 | G24: 패스트캠퍼스 | H24: O | I24: 패스트캠퍼스 | J24: https://www.youtube.com/@irum_hahn/videos | L24: cole@rebrandb.com | M24: VOD판매중 | N24: =IF(AND(O24=1,P24=0),"DM",IF(AND(O24=0,P24=1),"이메일",IF(AND(O24=1,P24=1),"DM+이메일",""))) -> 이메일 | O24: 0 | P24: 1 | Q24: 0 | T24: 46108 | U24: 무응답 | V24: 2026.04.01
A25: 24 | B25: 진행 중 | D25: AI 유튜브 쇼츠 | E25: 김승철 | F25: 돈강TV | G25: 강의 페이지 | H25: X | I25: Kmong | J25: https://www.youtube.com/@%EB%8F%88%EA%B0%95/featured | L25: donkang97@naver.com | M25: VOD 판매 중 | N25: =IF(AND(O25=1,P25=0),"DM",IF(AND(O25=0,P25=1),"이메일",IF(AND(O25=1,P25=1),"DM+이메일",""))) -> 이메일 | O25: 0 | P25: 1 | Q25: 0 | T25: 46108 | U25: 무응답 | V25: 2026.04.01
A26: 25 | B26: 진행 중 | D26: AI전자책 | E26: 윤예영 | F26: 함프로 | G26: 탈잉 | H26: O | I26: 탈잉 | K26: https://www.instagram.com/ebook_hampro/?hl=ko | M26: VOD판매중,와디즈 펀딩 이력 | N26: =IF(AND(O26=1,P26=0),"DM",IF(AND(O26=0,P26=1),"이메일",IF(AND(O26=1,P26=1),"DM+이메일",""))) -> DM | O26: 1 | P26: 0 | Q26: 0 | T26: 46108
A27: 26 | B27: 진행 중 | D27: AI 수익화(GPT) | E27: 김지상 | F27: 갓진주(송진주) | G27: 블로그 | H27: O | I27: 자체 강의 | J27: https://www.youtube.com/@%EA%B0%93%EC%A7%84%EC%A3%BC | K27: https://www.instagram.com/gotjinju/ | N27: =IF(AND(O27=1,P27=0),"DM",IF(AND(O27=0,P27=1),"이메일",IF(AND(O27=1,P27=1),"DM+이메일",""))) -> DM | O27: 1 | P27: 0 | Q27: 0 | T27: 46108
A28: 27 | B28: 진행 중 | D28: AI 광고이미지 제작 | E28: 정승희 | F28: 반토막AI | G28: 유튜브 | H28: O | I28: 자체 카페 | J28: https://www.youtube.com/@%EB%B0%98%ED%86%A0%EB%A7%89AI | K28: https://www.instagram.com/halfcut_ai/ | L28: wpgursla1@gmail.com | N28: =IF(AND(O28=1,P28=0),"DM",IF(AND(O28=0,P28=1),"이메일",IF(AND(O28=1,P28=1),"DM+이메일",""))) -> DM+이메일 | O28: 1 | P28: 1 | Q28: 0 | T28: 46108 | U28: 무응답 | V28: 2026.04.01
A29: 28 | B29: 진행 중 | D29: AI시니어 | E29: 이해수 | F29: 채널-지혜우물 | G29: 유튜브 | H29: ? | J29: https://www.youtube.com/@%EC%A7%80%ED%98%9C%EC%9A%B0%EB%AC%BC | L29: hustledaram@gmail.com | N29: =IF(AND(O29=1,P29=0),"DM",IF(AND(O29=0,P29=1),"이메일",IF(AND(O29=1,P29=1),"DM+이메일",""))) -> 이메일 | O29: 0 | P29: 1 | Q29: 0 | T29: 46108 | U29: 무응답 | V29: 2026.04.01
A30: 29 | B30: 진행 중 | D30: AI 시니어 외 다수 | E30: 이해수 | F30: 이재인/ 이니언니 | G30: 유튜브 | H30: O | I30: 개인 | J30: https://www.youtube.com/@ini_unnie | K30: https://www.instagram.com/ini_unnie/ | L30: AICMKorea@gmail.com | M30: 리틀리/ | N30: =IF(AND(O30=1,P30=0),"DM",IF(AND(O30=0,P30=1),"이메일",IF(AND(O30=1,P30=1),"DM+이메일",""))) -> DM+이메일 | O30: 1 | P30: 1 | Q30: 0 | T30: 46108 | U30: 무응답 | V30: 2026.04.01
A31: 30 | B31: 진행 중 | D31: AI 영상 | E31: 정세희 | F31: 야옹멍 YaongMeong | G31: 틱톡 | H31: X | J31: https://www.youtube.com/@%EC%95%BC%EC%98%B9%EB%A9%8DYaongMeong | L31: mgmsdiary@gmail.com | N31: =IF(AND(O31=1,P31=0),"DM",IF(AND(O31=0,P31=1),"이메일",IF(AND(O31=1,P31=1),"DM+이메일",""))) -> 이메일 | O31: 0 | P31: 1 | Q31: 0 | T31: 46108 | U31: 무응답 | V31: 2026.04.01
A32: 31 | B32: 진행 중 | D32: AI 쇼츠 | E32: 김은진 | F32: 슈퍼봇 | G32: 유튜브 | H32: O | I32: 클래스101 | J32: https://www.youtube.com/@_Superbot_ | K32: https://www.instagram.com/superbot_origin/?igsh=OGQ5ZDc2ODk2ZA%3D%3D&utm_source=qr# | L32: jumptipsy@gmail.com | M32: 요즘 것들 돈버는 이야기,일터뷰 츨연 | N32: =IF(AND(O32=1,P32=0),"DM",IF(AND(O32=0,P32=1),"이메일",IF(AND(O32=1,P32=1),"DM+이메일",""))) -> DM+이메일 | O32: 1 | P32: 1 | Q32: 0 | T32: 46108 | U32: 응답 | Y32: 연락 대기중
A33: 32 | B33: 진행 중 | D33: AI 스레드 | E33: 김상원 | F33: 원모어띵 | G33: 인터뷰 출연 | H33: O | I33: 자체플랫폼 | J33: https://www.youtube.com/@growthyoungduk | L33: onemorething9196@gmail.com | N33: =IF(AND(O33=1,P33=0),"DM",IF(AND(O33=0,P33=1),"이메일",IF(AND(O33=1,P33=1),"DM+이메일",""))) -> 이메일 | O33: 0 | P33: 1 | Q33: 0 | T33: 46108 | U33: 무응답 | V33: 2026.04.01
A34: 33 | B34: 진행 중 | D34: AI 유튜브 | E34: 장찬민 | F34: AI ON 에이아이온 | G34: 유튜브 | H34: X | J34: https://www.youtube.com/@AION%EB%8F%88%EB%B2%84%EB%8A%94%EB%B2%95 | L34: aion.official.ai@gmail.com | M34: 운영하는 블로그, aion.official.ai@gmail.com | N34: =IF(AND(O34=1,P34=0),"DM",IF(AND(O34=0,P34=1),"이메일",IF(AND(O34=1,P34=1),"DM+이메일",""))) -> 이메일 | O34: 0 | P34: 1 | Q34: 0 | T34: 46108 | U34: 무응답 | V34: 2026.04.01
A35: 34 | B35: 진행 중 | D35: AI 콘텐츠 | E35: 원소영 | F35: 유투브 하는 남자 디노 | G35: 유투브 | H35: X | J35: https://www.youtube.com/channel/UC3iyduO41XsWKZsYkE5FNyQ/join | L35: worksong87@gmail.com | M35: 네이버카페 | N35: =IF(AND(O35=1,P35=0),"DM",IF(AND(O35=0,P35=1),"이메일",IF(AND(O35=1,P35=1),"DM+이메일",""))) -> 이메일 | O35: 0 | P35: 1 | Q35: 0 | T35: 46108 | U35: 무응답 | V35: 2026.04.01
A36: 35 | B36: 진행 중 | D36: AI, GPT 전문가 | E36: 장찬민 | F36: 알린 | G36: 유튜브 | H36: O | I36: 자체 플랫폼 | J36: https://www.youtube.com/@ailifeinnovation | K36: http://instagram.com/ailifeinnovation | L36: ailifeinnovation@gmail.com | M36: ailifeinnovation@gmail.com | N36: =IF(AND(O36=1,P36=0),"DM",IF(AND(O36=0,P36=1),"이메일",IF(AND(O36=1,P36=1),"DM+이메일",""))) -> DM+이메일 | O36: 1 | P36: 1 | Q36: 0 | T36: 46108 | U36: 무응답 | V36: 2026.04.01
A37: 36 | B37: 진행 중 | D37: AI 콘텐츠 | E37: 원소영 | F37: Creator Profit Lab | G37: 유투브 | H37: X | J37: https://www.youtube.com/@CreatorProfitLabKR/shorts | K37: http://instagram.com/adaisy.click24 | M37: AI를 이용한 인스타툰, 블로그 글, 유투브 등 제작 | N37: =IF(AND(O37=1,P37=0),"DM",IF(AND(O37=0,P37=1),"이메일",IF(AND(O37=1,P37=1),"DM+이메일",""))) -> DM | O37: 1 | P37: 0 | Q37: 0 | T37: 46108
A38: 37 | B38: 진행 중 | D38: 전자책 | E38: 이해수 | F38: 원더로이 | G38: 카페 | H38: o | I38: 월부 | K38: https://www.instagram.com/wonder_roy_world/ | L38: wonder_roy@naver.com | N38: =IF(AND(O38=1,P38=0),"DM",IF(AND(O38=0,P38=1),"이메일",IF(AND(O38=1,P38=1),"DM+이메일",""))) -> DM+이메일 | O38: 1 | P38: 1 | Q38: 0 | T38: 46108 | U38: 무응답 | V38: 2026.04.01
A39: 38 | B39: 진행 중 | D39: 유튜브, 디자인 부수입 | E39: 정승희 | F39: 돈디 | G39: 블로그 | J39: https://www.youtube.com/@%EB%8F%88%EB%94%94AI | K39: https://www.instagram.com/dondi_ai_/ | L39: artist8012@naver.com | N39: =IF(AND(O39=1,P39=0),"DM",IF(AND(O39=0,P39=1),"이메일",IF(AND(O39=1,P39=1),"DM+이메일",""))) -> DM+이메일 | O39: 1 | P39: 1 | Q39: 0 | T39: 46108 | U39: 무응답 | V39: 2026.04.01
A40: 39 | B40: 진행 중 | D40: AI, GPT 전문가 | E40: 김지상 | F40: AI 멘토 천꿈이 | G40: 인스타 | H40: o | I40: 개인 | K40: https://www.instagram.com/slow_life_kr/ | L40: limonsparkk@gmail.com | N40: =IF(AND(O40=1,P40=0),"DM",IF(AND(O40=0,P40=1),"이메일",IF(AND(O40=1,P40=1),"DM+이메일",""))) -> DM+이메일 | O40: 1 | P40: 1 | Q40: 0 | T40: 46108 | U40: 무응답 | V40: 2026.04.01
A41: 40 | B41: 진행 중 | D41: AI 디자인 | E41: 김지상 | F41: 리몬 | G41: 인스타 | H41: o | I41: 개인 | J41: https://www.youtube.com/@limonsparkk | K41: https://www.instagram.com/limonsparkk/ | N41: =IF(AND(O41=1,P41=0),"DM",IF(AND(O41=0,P41=1),"이메일",IF(AND(O41=1,P41=1),"DM+이메일",""))) -> DM | O41: 1 | P41: 0 | Q41: 0 | T41: 46108
A42: 41 | B42: 진행 중 | D42: AI 숏츠 | E42: 국선우 | F42: 비기 | G42: 인스타 | H42: o | I42: 개인 | K42: https://www.instagram.com/biggie_ai?utm_source=ig_web_button_share_sheet&igsh=dzR2cjU1MXhncjBx | L42: biggieai200@gmail.com | N42: =IF(AND(O42=1,P42=0),"DM",IF(AND(O42=0,P42=1),"이메일",IF(AND(O42=1,P42=1),"DM+이메일",""))) -> DM+이메일 | O42: 1 | P42: 1 | Q42: 0 | T42: 46108 | U42: 무응답 | V42: 2026.04.01
A43: 42 | B43: 진행 중 | D43: AI콘텐츠 | E43: 박응석 | F43: 홍아린_AI디자인 | G43: 유튜브 | H43: O | I43: 개인 | J43: https://www.youtube.com/@%ED%99%8D%EC%95%84%EB%A6%B0AI%EB%94%94%EC%9E%90%EC%9D%B8%EB%9E%A9 | K43: https://www.instagram.com/ai_leading/ | L43: sewha1217@naver.com | N43: =IF(AND(O43=1,P43=0),"DM",IF(AND(O43=0,P43=1),"이메일",IF(AND(O43=1,P43=1),"DM+이메일",""))) -> DM+이메일 | O43: 1 | P43: 1 | Q43: 0 | T43: 46108 | U43: 무응답 | V43: 2026.04.01
A44: 43 | B44: 진행 중 | D44: AI 디자인 | E44: 김지상 | F44: AI 도리 | G44: 링크트리 | H44: o | J44: https://www.youtube.com/@Ai-dori?app=desktop | K44: https://www.instagram.com/ai_dori_/ | L44: chodori330@gmail.com | N44: =IF(AND(O44=1,P44=0),"DM",IF(AND(O44=0,P44=1),"이메일",IF(AND(O44=1,P44=1),"DM+이메일",""))) -> DM+이메일 | O44: 1 | P44: 1 | Q44: 0 | T44: 46108 | U44: 무응답 | V44: 2026.04.01
A45: 44 | B45: 진행 중 | D45: AI 부업 | E45: 김승철 | F45: 레벨업클라스 | G45: 유튜브 | H45: o | I45: 개인 | J45: https://www.youtube.com/@%EB%A0%88%EB%B2%A8%EC%97%85%ED%81%B4%EB%9D%BC%EC%8A%A4 | L45: levelupclass@hotmail.com | N45: =IF(AND(O45=1,P45=0),"DM",IF(AND(O45=0,P45=1),"이메일",IF(AND(O45=1,P45=1),"DM+이메일",""))) -> 이메일 | O45: 0 | P45: 1 | Q45: 0 | T45: 46108 | U45: 무응답 | V45: 2026.04.01
A46: 45 | B46: 진행 중 | D46: AI 수익화 | E46: 김지상 | F46: 노마케터스 | G46: 유튜브 | H46: o | I46: 프드프 | J46: https://www.youtube.com/@nomarketers | K46: https://www.instagram.com/nomarketers/ | L46: no_marketers@naver.com | N46: =IF(AND(O46=1,P46=0),"DM",IF(AND(O46=0,P46=1),"이메일",IF(AND(O46=1,P46=1),"DM+이메일",""))) -> DM+이메일 | O46: 1 | P46: 1 | Q46: 0 | T46: 46108 | U46: 무응답 | V46: 2026.04.01
A47: 46 | B47: 진행 중 | D47: AI 수익화 | E47: 김지상 | F47: 딩마녀 | G47: 블로그 | H47: o | I47: 개인 | J47: https://www.youtube.com/@dingwitch7 | K47: https://www.instagram.com/_dingwitch/ | L47: design413_@naver.com | N47: =IF(AND(O47=1,P47=0),"DM",IF(AND(O47=0,P47=1),"이메일",IF(AND(O47=1,P47=1),"DM+이메일",""))) -> DM+이메일 | O47: 1 | P47: 1 | Q47: 0 | T47: 46108 | U47: 무응답 | V47: 2026.04.01
A48: 47 | B48: 진행 중 | D48: AI 수익화 | E48: 김지상 | F48: 기묘한자동화 | G48: 인스타 | H48: o | I48: 개인 | J48: https://www.youtube.com/@kooky0ai | K48: https://www.instagram.com/kooky.ai/ | L48: biz@wintopartners.com | N48: =IF(AND(O48=1,P48=0),"DM",IF(AND(O48=0,P48=1),"이메일",IF(AND(O48=1,P48=1),"DM+이메일",""))) -> DM+이메일 | O48: 1 | P48: 1 | Q48: 0 | T48: 46108 | U48: 무응답 | V48: 2026.04.01
A49: 48 | B49: 진행 중 | D49: AI 숏폼 제작 | E49: 김지상 | F49: 콘텐츠이지 | G49: 인스타 | H49: o | I49: 개인 | K49: https://www.instagram.com/contents_easy/ | L49: piao0823@naver.com | N49: =IF(AND(O49=1,P49=0),"DM",IF(AND(O49=0,P49=1),"이메일",IF(AND(O49=1,P49=1),"DM+이메일",""))) -> DM+이메일 | O49: 1 | P49: 1 | Q49: 0 | T49: 46108 | U49: 무응답 | V49: 2026.04.01
A50: 49 | B50: 진행 중 | D50: AI 숏폼&상세페이지+이커머스 | E50: 김동휘 | F50: 에이커 | G50: 유튜브 | H50: X | J50: https://www.youtube.com/@aiecor/featured | L50: aiecorofficial@gmail.com | N50: =IF(AND(O50=1,P50=0),"DM",IF(AND(O50=0,P50=1),"이메일",IF(AND(O50=1,P50=1),"DM+이메일",""))) -> 이메일 | O50: 0 | P50: 1 | Q50: 0 | T50: 46108 | U50: 무응답 | V50: 2026.04.01
A51: 50 | B51: 진행 중 | D51: AI 영상제작 | E51: 원소영 | F51: 데키랩 | G51: 스레드 | H51: X | J51: https://www.youtube.com/@dekilab | L51: dekirukka@gmail.com | M51: 네이버카페 | N51: =IF(AND(O51=1,P51=0),"DM",IF(AND(O51=0,P51=1),"이메일",IF(AND(O51=1,P51=1),"DM+이메일",""))) -> 이메일 | O51: 0 | P51: 1 | Q51: 0 | T51: 46108 | U51: 무응답 | V51: 2026.04.01
A52: 51 | B52: 진행 중 | D52: AI 영상제작 | E52: 원소영 | F52: 노마드마크 | G52: 유튜브 | H52: X | J52: https://www.youtube.com/@nomad_mark | K52: https://www.instagram.com/nomad_mark_?igsh=bHdnaWNldmttMGo2 | L52: nomadmarklee@gmail.com | M52: 네이버카페 | N52: =IF(AND(O52=1,P52=0),"DM",IF(AND(O52=0,P52=1),"이메일",IF(AND(O52=1,P52=1),"DM+이메일",""))) -> DM+이메일 | O52: 1 | P52: 1 | Q52: 0 | T52: 46108 | U52: 무응답 | V52: 2026.04.01
A53: 52 | B53: 진행 중 | D53: AI 디자인 | E53: 김동휘 | F53: 디자인하는AI | G53: 유튜브 | H53: X | L53: designingi.official@gmail.com | M53: 도서 판매 중 | N53: =IF(AND(O53=1,P53=0),"DM",IF(AND(O53=0,P53=1),"이메일",IF(AND(O53=1,P53=1),"DM+이메일",""))) -> 이메일 | O53: 0 | P53: 1 | Q53: 0 | T53: 46108 | U53: 무응답 | V53: 2026.04.01
A54: 53 | B54: 진행 중 | D54: 유튜브 | E54: 김예빈 | F54: 손민수(퇴사연구소) | G54: 유튜브 | H54: O | I54: 머니루트 | J54: https://www.youtube.com/@%ED%87%B4%EC%82%AC%EC%97%B0%EA%B5%AC%EC%86%8C | L54: toesayeonguso@gmail.com | M54: gmltmd03@naver.com | N54: =IF(AND(O54=1,P54=0),"DM",IF(AND(O54=0,P54=1),"이메일",IF(AND(O54=1,P54=1),"DM+이메일",""))) -> 이메일 | O54: 0 | P54: 1 | Q54: 0 | T54: 46108 | U54: 무응답 | V54: 2026.04.01
A55: 54 | B55: 진행 중 | D55: AI수익화 | E55: 이해수 | F55: 솔루션키 | G55: 블로그 | H55: O | I55: 자체플랫폼카페 | L55: gmltmd03@naver.com | M55: 채널톡 | N55: =IF(AND(O55=1,P55=0),"DM",IF(AND(O55=0,P55=1),"이메일",IF(AND(O55=1,P55=1),"DM+이메일",""))) -> 이메일 | O55: 0 | P55: 1 | Q55: 0 | T55: 46108 | U55: 무응답 | V55: 2026.04.01
A56: 55 | B56: 진행 중 | D56: AI 상세페이지 | E56: 정승희 | F56: 리디드로우 | G56: 유튜브 | H56: O | I56: 러닝아넥스 | J56: https://www.youtube.com/channel/UCj5YYh6XsUC518L-pT7w_DQ | K56: https://www.instagram.com/rd_drawdream/ | L56: otow1500@gmail.com | M56: 플랫폼 강의 중 | N56: =IF(AND(O56=1,P56=0),"DM",IF(AND(O56=0,P56=1),"이메일",IF(AND(O56=1,P56=1),"DM+이메일",""))) -> DM+이메일 | O56: 1 | P56: 1 | Q56: 0 | T56: 46108 | U56: 무응답 | V56: 2026.04.01
A57: 56 | B57: 진행 중 | D57: AI 상세피이지 | E57: 정승희 | F57: 디자인위브 | G57: 유튜브 | H57: X | L57: zinna0875@gmail.com | N57: =IF(AND(O57=1,P57=0),"DM",IF(AND(O57=0,P57=1),"이메일",IF(AND(O57=1,P57=1),"DM+이메일",""))) -> 이메일 | O57: 0 | P57: 1 | Q57: 0 | T57: 46108 | U57: 무응답 | V57: 2026.04.01
A58: 57 | B58: 진행 중 | D58: AI전반 | E58: 김동휘 | F58: 동테크 | G58: 링크트리 | H58: O | I58: 개인 강의(특강 형식) | J58: https://www.youtube.com/@%EB%8F%99%ED%85%8C%ED%81%AC/videos | L58: ai0255@naver.com | M58: 오픈채팅 | N58: =IF(AND(O58=1,P58=0),"DM",IF(AND(O58=0,P58=1),"이메일",IF(AND(O58=1,P58=1),"DM+이메일",""))) -> 이메일 | O58: 0 | P58: 1 | Q58: 0 | T58: 46108 | U58: 무응답 | V58: 2026.04.01
A59: 58 | B59: 거절 | D59: AI영상제작/ 활용 | E59: 김은진 | F59: 칼릭스 | G59: 인스타 | K59: https://www.instagram.com/calix.son?igsh=MWpuMWIyd3RhMWg4bQ== | L59: calixsonbiz@gmail.com | N59: =IF(AND(O59=1,P59=0),"DM",IF(AND(O59=0,P59=1),"이메일",IF(AND(O59=1,P59=1),"DM+이메일",""))) -> DM+이메일 | O59: 1 | P59: 1 | Q59: 0 | T59: 46108 | U59: 거절 | Z59: 강의 생각 없음
A60: 59 | B60: 진행 중 | D60: AI 콘텐츠 | E60: 김지상 | F60: 리더인 | G60: 인스타 | H60: O | I60: 개인 | K60: https://www.instagram.com/leedain_leader_in/ | N60: =IF(AND(O60=1,P60=0),"DM",IF(AND(O60=0,P60=1),"이메일",IF(AND(O60=1,P60=1),"DM+이메일",""))) -> DM | O60: 1 | P60: 0 | Q60: 0 | T60: 46108
A61: 60 | B61: 진행 중 | D61: AI영상 | E61: 정세희 | F61: 마스터봇 | G61: 유튜브 | H61: X | J61: https://www.youtube.com/@masterbot/videos | L61: syu2429@naver.com | N61: =IF(AND(O61=1,P61=0),"DM",IF(AND(O61=0,P61=1),"이메일",IF(AND(O61=1,P61=1),"DM+이메일",""))) -> 이메일 | O61: 0 | P61: 1 | Q61: 0 | T61: 46108 | U61: 무응답 | V61: 2026.04.01
A62: 61 | B62: 진행 중 | D62: AI 숏폼 제작 | E62: 김지상 | F62: 문단열 | G62: 인스타 | H62: O | I62: 와디즈 | K62: https://www.instagram.com/ai.sadari/ | L62: school@sadarifilm.com | N62: =IF(AND(O62=1,P62=0),"DM",IF(AND(O62=0,P62=1),"이메일",IF(AND(O62=1,P62=1),"DM+이메일",""))) -> DM+이메일 | O62: 1 | P62: 1 | Q62: 0 | T62: 46108 | U62: 무응답 | V62: 2026.04.01
A63: 62 | B63: 진행 중 | D63: AI 숏츠 | E63: 김승철 | F63: 천은영 | G63: 유튜브 | H63: O | I63: 개인 | J63: https://www.youtube.com/@%EC%B2%9C%EC%9D%80%EC%98%81 | L63: 1000is0@1000is0.com | N63: =IF(AND(O63=1,P63=0),"DM",IF(AND(O63=0,P63=1),"이메일",IF(AND(O63=1,P63=1),"DM+이메일",""))) -> 이메일 | O63: 0 | P63: 1 | Q63: 0 | T63: 46108 | U63: 무응답 | V63: 2026.04.01
A64: 63 | B64: 진행 중 | D64: AI 숏츠 | E64: 김지상 | F64: 디지털거북이 | G64: 유튜브 | H64: O | I64: 개인 | J64: https://www.youtube.com/@digital_turtle/videos | K64: https://www.instagram.com/hyeoniji_kr | L64: digitalturtle@naver.com | M64: 링크트리 | N64: =IF(AND(O64=1,P64=0),"DM",IF(AND(O64=0,P64=1),"이메일",IF(AND(O64=1,P64=1),"DM+이메일",""))) -> DM+이메일 | O64: 1 | P64: 1 | Q64: 0 | T64: 46108 | U64: 무응답 | V64: 2026.04.01
A65: 64 | B65: 진행 중 | D65: AI 숏츠 | E65: 김지상 | F65: 아리너 | G65: 인스타 | H65: O | I65: 클래스101 | K65: https://www.instagram.com/ari.neo/ | L65: sji099@naver.com | N65: =IF(AND(O65=1,P65=0),"DM",IF(AND(O65=0,P65=1),"이메일",IF(AND(O65=1,P65=1),"DM+이메일",""))) -> DM+이메일 | O65: 1 | P65: 1 | Q65: 0 | T65: 46108 | U65: 무응답 | V65: 2026.04.01
A66: 65 | B66: 진행 중 | D66: AI 디자인 | E66: 김동휘 | F66: 튜이시 | G66: 유튜브 | H66: O | I66: 개인 | J66: https://www.youtube.com/@tuisydesign/featured | L66: tuisy@naver.com | N66: =IF(AND(O66=1,P66=0),"DM",IF(AND(O66=0,P66=1),"이메일",IF(AND(O66=1,P66=1),"DM+이메일",""))) -> 이메일 | O66: 0 | P66: 1 | Q66: 0 | T66: 46108 | U66: 무응답 | V66: 2026.04.01
A67: 66 | B67: 진행 중 | D67: AI 숏폼 | E67: 김상중 | F67: AI숏가이드 | G67: 인스타 | H67: X | I67: 개인 | L67: cauliflower6@naver.com | M67: 네이버 카페 | N67: =IF(AND(O67=1,P67=0),"DM",IF(AND(O67=0,P67=1),"이메일",IF(AND(O67=1,P67=1),"DM+이메일",""))) -> 이메일 | O67: 0 | P67: 1 | Q67: 0 | T67: 46108 | U67: 무응답 | V67: 2026.04.01
A68: 67 | B68: 진행 중 | D68: AI 영상 제작 | E68: 김동휘 | F68: 마론킴 | G68: 유튜브 | H68: O | I68: 콜로소 | J68: https://www.youtube.com/@maronkim/videos | L68: yesnoing@gmail.com | M68: 비메오 | N68: =IF(AND(O68=1,P68=0),"DM",IF(AND(O68=0,P68=1),"이메일",IF(AND(O68=1,P68=1),"DM+이메일",""))) -> 이메일 | O68: 0 | P68: 1 | Q68: 0 | T68: 46108 | U68: 무응답 | V68: 2026.04.01
A69: 68 | B69: 진행 중 | D69: 로켓그로스 | E69: 정승희 | F69: 한드래곤 | G69: 유튜브 | H69: O | I69: 개인 | J69: https://www.youtube.com/@%ED%95%9C%EB%93%9C%EB%9E%98%EA%B3%A4TV | L69: k_cara@naver.com | N69: =IF(AND(O69=1,P69=0),"DM",IF(AND(O69=0,P69=1),"이메일",IF(AND(O69=1,P69=1),"DM+이메일",""))) -> 이메일 | O69: 0 | P69: 1 | Q69: 0 | T69: 46108 | U69: 무응답 | V69: 2026.04.01
A70: 69 | B70: 진행 중 | D70: 인스타 릴스 | E70: 국선우 | F70: 두뜬 | G70: 인스타 | H70: O | I70: 개인 | L70: lilychoi_@naver.com | N70: =IF(AND(O70=1,P70=0),"DM",IF(AND(O70=0,P70=1),"이메일",IF(AND(O70=1,P70=1),"DM+이메일",""))) -> 이메일 | O70: 0 | P70: 1 | Q70: 0 | T70: 46108 | U70: 무응답 | V70: 2026.04.01
A71: 70 | B71: 진행 중 | D71: 숏폼 제작 | E71: 국선우 | F71: 지나킴 | G71: 인스타 | H71: O | I71: 개인 | L71: jina@itsusmedia.com | N71: =IF(AND(O71=1,P71=0),"DM",IF(AND(O71=0,P71=1),"이메일",IF(AND(O71=1,P71=1),"DM+이메일",""))) -> 이메일 | O71: 0 | P71: 1 | Q71: 0 | T71: 46108 | U71: 무응답 | V71: 2026.04.01
A72: 71 | B72: 진행 중 | D72: 피그마 AI | E72: 정승희 | F72: 피그마리온 | G72: 유튜브 | H72: X | J72: https://www.youtube.com/@figmaleon/featured | L72: chamelidotz@gmail.com | N72: =IF(AND(O72=1,P72=0),"DM",IF(AND(O72=0,P72=1),"이메일",IF(AND(O72=1,P72=1),"DM+이메일",""))) -> 이메일 | O72: 0 | P72: 1 | Q72: 0 | T72: 46108 | U72: 무응답 | V72: 2026.04.01
A73: 72 | B73: 진행 중 | D73: AI 수익화 | E73: 정승희 | F73: AI수익화초월차선, AI상상력대장 | G73: 유튜브 | H73: O | I73: 개인 | J73: https://www.youtube.com/@captain_ai/videos | L73: lovingmin2@naver.com | N73: =IF(AND(O73=1,P73=0),"DM",IF(AND(O73=0,P73=1),"이메일",IF(AND(O73=1,P73=1),"DM+이메일",""))) -> 이메일 | O73: 0 | P73: 1 | Q73: 0 | T73: 46108 | U73: 무응답 | V73: 2026.04.01
A74: 73 | B74: 진행 중 | D74: 유튜브 수익화 | E74: 김승철 | F74: 회사원A | G74: 유튜브 | H74: O | I74: 탈잉 | J74: https://www.youtube.com/@calarygirl | L74: garickson18@gmail.com | N74: =IF(AND(O74=1,P74=0),"DM",IF(AND(O74=0,P74=1),"이메일",IF(AND(O74=1,P74=1),"DM+이메일",""))) -> 이메일 | O74: 0 | P74: 1 | Q74: 0 | T74: 46108 | U74: 무응답 | V74: 2026.04.01
A75: 74 | B75: 진행 중 | D75: AI 숏츠 | E75: 김지상 | F75: 온선 | G75: 유튜브 | H75: X | J75: https://www.youtube.com/@%EC%98%A8%EC%84%A0/videos | L75: kej90916@gmail.com | N75: =IF(AND(O75=1,P75=0),"DM",IF(AND(O75=0,P75=1),"이메일",IF(AND(O75=1,P75=1),"DM+이메일",""))) -> 이메일 | O75: 0 | P75: 1 | Q75: 0 | T75: 46108 | U75: 무응답 | V75: 2026.04.01
A76: 75 | B76: 진행 중 | D76: AI 숏츠 | E76: 김지상 | F76: 남시언 | G76: 유튜브 | H76: O | I76: 개인 | J76: https://www.youtube.com/@%EB%82%A8%EC%8B%9C%EC%96%B8%EC%BD%98%ED%85%90%EC%B8%A0%EB%9E%A9/videos | L76: skatldjs@gmail.com | N76: =IF(AND(O76=1,P76=0),"DM",IF(AND(O76=0,P76=1),"이메일",IF(AND(O76=1,P76=1),"DM+이메일",""))) -> 이메일 | O76: 0 | P76: 1 | Q76: 0 | T76: 46108 | U76: 무응답 | V76: 2026.04.01
A77: 76 | B77: 진행 중 | D77: 쿠팡 | E77: 정세희 | F77: 돌벌자옹 | G77: 유튜브 | H77: X | I77: 개인_전자책 1 | J77: https://www.youtube.com/@310-ty4ml/videos | L77: alwayz.billionsecret@gmail.com | M77: 개인_전자책 2 | N77: =IF(AND(O77=1,P77=0),"DM",IF(AND(O77=0,P77=1),"이메일",IF(AND(O77=1,P77=1),"DM+이메일",""))) -> 이메일 | O77: 0 | P77: 1 | Q77: 0 | T77: 46108 | U77: 무응답 | V77: 2026.04.01
A78: 77 | B78: 진행 중 | D78: AI 영상 | E78: 정세희 | F78: 김이솝 | G78: 유튜브 | J78: https://www.youtube.com/@%EA%B9%80%EC%9D%B4%EC%86%9D%EC%9D%98AI%EA%B0%80%EC%9D%B4%EB%93%9C/videos | K78: https://www.instagram.com/aiguideaesop/ | L78: aiguideforme@gmail.com | N78: =IF(AND(O78=1,P78=0),"DM",IF(AND(O78=0,P78=1),"이메일",IF(AND(O78=1,P78=1),"DM+이메일",""))) -> DM+이메일 | O78: 1 | P78: 1 | Q78: 0 | T78: 46108 | U78: 무응답 | V78: 2026.04.01
A79: 78 | B79: 진행 중 | D79: AI 영상 | E79: 김지상 | F79: 오토비 | G79: 스레드 | H79: O | I79: 개인 | L79: hceo0518@naver.com | N79: =IF(AND(O79=1,P79=0),"DM",IF(AND(O79=0,P79=1),"이메일",IF(AND(O79=1,P79=1),"DM+이메일",""))) -> 이메일 | O79: 0 | P79: 1 | Q79: 0 | T79: 46108 | U79: 무응답 | V79: 2026.04.01
A80: 79 | B80: 진행 중 | D80: AI 음악 유튜브 | E80: 윤예영 | F80: 브리즈무드 | G80: 유튜브 | H80: X | J80: https://www.youtube.com/@BreezeMood | K80: https://www.instagram.com/breezemood_/ | L80: breeze1mood@gmail.com | N80: =IF(AND(O80=1,P80=0),"DM",IF(AND(O80=0,P80=1),"이메일",IF(AND(O80=1,P80=1),"DM+이메일",""))) -> DM+이메일 | O80: 1 | P80: 1 | Q80: 0 | T80: 46108 | U80: 무응답 | V80: 2026.04.01
A81: 80 | B81: 진행 중 | D81: AI 영상 | E81: 김지상 | F81: 그로우mi | G81: 유튜브 | H81: X | I81: 개인_전자책 1 | J81: https://www.youtube.com/@%EA%B7%B8%EB%A1%9C%EC%9A%B0mi/shorts | L81: hazelsu93@naver.com | N81: =IF(AND(O81=1,P81=0),"DM",IF(AND(O81=0,P81=1),"이메일",IF(AND(O81=1,P81=1),"DM+이메일",""))) -> 이메일 | O81: 0 | P81: 1 | Q81: 0 | T81: 46108 | U81: 무응답 | V81: 2026.04.01
A82: 81 | B82: 진행 중 | D82: 일본 구매대행 | E82: 정승희 | F82: 미니멀 수출러 큐니오 | G82: 유튜브 | I82: 전자책(개인) | J82: https://www.youtube.com/@qoonio | L82: qoonioinoop@gmail.com | N82: =IF(AND(O82=1,P82=0),"DM",IF(AND(O82=0,P82=1),"이메일",IF(AND(O82=1,P82=1),"DM+이메일",""))) -> 이메일 | O82: 0 | P82: 1 | Q82: 0 | T82: 46108 | U82: 무응답 | V82: 2026.04.01
A83: 82 | B83: 진행 중 | D83: AI 자동화 | E83: 김지상 | F83: 노다지 AI | G83: 유튜브 | H83: O | I83: 개인 | J83: https://www.youtube.com/@nodaji_ai/videos | L83: hsnikos@dothegy.org | N83: =IF(AND(O83=1,P83=0),"DM",IF(AND(O83=0,P83=1),"이메일",IF(AND(O83=1,P83=1),"DM+이메일",""))) -> 이메일 | O83: 0 | P83: 1 | Q83: 0 | T83: 46108 | U83: 무응답 | V83: 2026.04.01
A84: 83 | B84: 진행 중 | D84: AI 유튜브 | E84: 정세희 | F84: AI 부업왕 / 안동수(풍요) | G84: 유튜브 | H84: O | I84: 개인 카페 | J84: https://youtube.com/channel/UCqZEEbX8I1B6Sl5rZoYpr_g?si=PcEQsXIJQc-50fVu | K84: https://www.instagram.com/ai_success_making?igsh=NDV4YWs5bGMyaHAy | L84: aptk5925@gmail.com | M84: 도서판매 | N84: =IF(AND(O84=1,P84=0),"DM",IF(AND(O84=0,P84=1),"이메일",IF(AND(O84=1,P84=1),"DM+이메일",""))) -> DM+이메일 | O84: 1 | P84: 1 | Q84: 0 | T84: 46108 | U84: 무응답 | V84: 2026.04.01
A85: 84 | B85: 진행 중 | D85: AI 수익화 | E85: 국선우 | F85: 하영 | G85: 인스타 | H85: X | K85: https://www.instagram.com/hayoungdropship?utm_source=ig_web_button_share_sheet&igsh=cWx5Nmc0dDh1aG94 | L85: loveubambi@naver.com | N85: =IF(AND(O85=1,P85=0),"DM",IF(AND(O85=0,P85=1),"이메일",IF(AND(O85=1,P85=1),"DM+이메일",""))) -> DM+이메일 | O85: 1 | P85: 1 | Q85: 0 | T85: 46108 | U85: 응답 | Y85: 연락 대기중
A86: 85 | B86: 진행 중 | D86: AI 수익화 | E86: 김상중 | F86: 기계왕곽두팔 | G86: 유튜브 | H86: X | L86: sunjuntomato@naver.com | N86: =IF(AND(O86=1,P86=0),"DM",IF(AND(O86=0,P86=1),"이메일",IF(AND(O86=1,P86=1),"DM+이메일",""))) -> 이메일 | O86: 0 | P86: 1 | Q86: 0 | T86: 46108 | U86: 무응답 | V86: 2026.04.01
A87: 86 | B87: 진행 중 | D87: AI 쇼츠 | E87: 정세희 | F87: Dreamlike / (셀팜님 제자) | G87: 유튜브 | H87: X | J87: https://www.youtube.com/@DreamlikeAI-l6d/shorts | K87: https://www.instagram.com/dreamlikeai_/ | L87: rilla8795@gmail.com | M87: 셀팜님 제자_ 확인필요 | N87: =IF(AND(O87=1,P87=0),"DM",IF(AND(O87=0,P87=1),"이메일",IF(AND(O87=1,P87=1),"DM+이메일",""))) -> DM+이메일 | O87: 1 | P87: 1 | Q87: 0 | T87: 46108 | U87: 무응답 | V87: 2026.04.01
A88: 87 | B88: 진행 중 | D88: AI 음악 수익화 | E88: 김지상 | F88: 머니한잔 | G88: 유튜브 | H88: X | J88: https://www.youtube.com/@%EB%A8%B8%EB%8B%88%ED%95%9C%EC%9E%94 | L88: moneyhanjan@gmail.com | N88: =IF(AND(O88=1,P88=0),"DM",IF(AND(O88=0,P88=1),"이메일",IF(AND(O88=1,P88=1),"DM+이메일",""))) -> 이메일 | O88: 0 | P88: 1 | Q88: 0 | T88: 46108 | U88: 무응답 | V88: 2026.04.01
A89: 88 | B89: 진행 중 | D89: ai PPT 제작 | E89: 박응석 | F89: 율리 | G89: 와디즈 | H89: x | K89: https://www.instagram.com/adventure__dori/ | L89: studio.dori01@gmail.com | N89: =IF(AND(O89=1,P89=0),"DM",IF(AND(O89=0,P89=1),"이메일",IF(AND(O89=1,P89=1),"DM+이메일",""))) -> DM+이메일 | O89: 1 | P89: 1 | Q89: 0 | T89: 46108 | U89: 무응답 | V89: 2026.04.01
A90: 89 | B90: 진행 중 | D90: 유튜브AI | E90: 신인철 | F90: 유튜브신쌤 | G90: 유튜브 | H90: x | J90: http://www.youtube.com/@%EC%9C%A0%ED%8A%9C%EB%B8%8C%EC%8B%A0%EC%8C%A4 | L90: book0884@naver.com | M90: AI를 활용한 글쓰기도 진행 | N90: =IF(AND(O90=1,P90=0),"DM",IF(AND(O90=0,P90=1),"이메일",IF(AND(O90=1,P90=1),"DM+이메일",""))) -> 이메일 | O90: 0 | P90: 1 | Q90: 0 | T90: 46108 | U90: 무응답 | V90: 2026.04.01
A91: 90 | B91: 진행 중 | D91: SNS 수익화 & AI 자동화 | E91: 송성현 | F91: 공사장 | G91: 리틀리(프로필) | H91: O | I91: 인프랩 | J91: https://www.youtube.com/@%EA%B3%B5%EC%82%AC%EC%9E%A5-w1p/shorts | K91: https://www.instagram.com/ukwaehan_0sajang | L91: ukwaehan0sajang@gmail.com | N91: =IF(AND(O91=1,P91=0),"DM",IF(AND(O91=0,P91=1),"이메일",IF(AND(O91=1,P91=1),"DM+이메일",""))) -> DM+이메일 | O91: 1 | P91: 1 | Q91: 0 | T91: 46108 | U91: 무응답 | V91: 2026.04.01
A92: 91 | B92: 진행 중 | D92: 아마존 셀링 | E92: 주수현 | F92: 아셀 | G92: 유튜브 | H92: O | I92: 월급쟁이부자들 | J92: https://www.youtube.com/@amazonseller_asell/videos | L92: asell2022@naver.com | N92: =IF(AND(O92=1,P92=0),"DM",IF(AND(O92=0,P92=1),"이메일",IF(AND(O92=1,P92=1),"DM+이메일",""))) -> 이메일 | O92: 0 | P92: 1 | Q92: 0 | T92: 46108 | U92: 무응답 | V92: 2026.04.01
A93: 92 | B93: 진행 중 | D93: AI 숏츠 및 수익화 | E93: 김동휘 | F93: N잡학교 | G93: 유튜브 | H93: O | I93: 채널톡 | J93: https://www.youtube.com/@N%EC%9E%A1%ED%95%99%EA%B5%90 | L93: nomadbird23@gmail.com | M93: 유튜브 길라잡이 특강 | N93: =IF(AND(O93=1,P93=0),"DM",IF(AND(O93=0,P93=1),"이메일",IF(AND(O93=1,P93=1),"DM+이메일",""))) -> 이메일 | O93: 0 | P93: 1 | Q93: 0 | T93: 46108 | U93: 무응답 | V93: 2026.04.01
A94: 93 | B94: 진행 중 | D94: AI 이미지 & 영상 콘텐츠 제작자 | E94: 강은비 | F94: AI 마트 | G94: 유튜브 | H94: X | J94: https://www.youtube.com/@AI%EB%A7%88%ED%8A%B8/featured | K94: https://www.instagram.com/ai.m.art | L94: ai.m.art.storemanager@gmail.com | N94: =IF(AND(O94=1,P94=0),"DM",IF(AND(O94=0,P94=1),"이메일",IF(AND(O94=1,P94=1),"DM+이메일",""))) -> DM+이메일 | O94: 1 | P94: 1 | Q94: 0 | T94: 46108 | U94: 무응답 | V94: 2026.04.01
A95: 94 | B95: 진행 중 | D95: 유튜브 수익화 | E95: 강은비 | F95: 튜브렌즈 | G95: 프로그램 홈페이지 | H95: X | J95: https://www.youtube.com/@%ED%8A%9C%EB%B8%8C%EB%A0%8C%EC%A6%88 | L95: tubelens24@gmail.com | N95: =IF(AND(O95=1,P95=0),"DM",IF(AND(O95=0,P95=1),"이메일",IF(AND(O95=1,P95=1),"DM+이메일",""))) -> 이메일 | O95: 0 | P95: 1 | Q95: 0 | T95: 46108 | U95: 무응답 | V95: 2026.04.01
A96: 95 | B96: 진행 중 | D96: AI 유튜브 제작 | E96: 강은비 | F96: AInspire | G96: 리틀리(프로필) | H96: O | I96: 강의홈페이지 | J96: https://www.youtube.com/@AInspire_kr | K96: https://www.instagram.com/ainspire_kr | L96: gun@vavaland.co.kr | N96: =IF(AND(O96=1,P96=0),"DM",IF(AND(O96=0,P96=1),"이메일",IF(AND(O96=1,P96=1),"DM+이메일",""))) -> DM+이메일 | O96: 1 | P96: 1 | Q96: 0 | T96: 46108 | U96: 무응답 | V96: 2026.04.01
A97: 96 | B97: 진행 중 | D97: 유튜브 쇼츠 수익화 | E97: 김지상 | F97: 돈썰미 | G97: 유튜브 | H97: X | I97: 자체 홈페이지(전자책) | J97: https://www.youtube.com/@donssulmee | L97: susipass911@naver.com | N97: =IF(AND(O97=1,P97=0),"DM",IF(AND(O97=0,P97=1),"이메일",IF(AND(O97=1,P97=1),"DM+이메일",""))) -> DM | O97: 1 | P97: 0 | Q97: 0 | T97: 46108
A98: 97 | B98: 진행 중 | D98: 유튜브 영상 편집 | E98: 김지상 | F98: 잇비 | G98: 유튜브 | H98: O | I98: 자체 홈페이지(전자책) | J98: https://www.youtube.com/@itbe467/videos | L98: itbe467@gmail.com | N98: =IF(AND(O98=1,P98=0),"DM",IF(AND(O98=0,P98=1),"이메일",IF(AND(O98=1,P98=1),"DM+이메일",""))) -> DM | O98: 1 | P98: 0 | Q98: 0 | T98: 46108
A99: 98 | B99: 진행 중 | D99: AI 자동화 부업 | E99: 송성현 | F99: 키홈 | G99: 유튜브 | H99: O | I99: 자체 네이버 카페 | J99: https://www.youtube.com/@kihome15 | L99: kihome15@gmail.com | N99: =IF(AND(O99=1,P99=0),"DM",IF(AND(O99=0,P99=1),"이메일",IF(AND(O99=1,P99=1),"DM+이메일",""))) -> DM | O99: 1 | P99: 0 | Q99: 0 | T99: 46108
A100: 99 | B100: 진행 중 | D100: AI 쇼츠 영상 제작 | E100: 김승철 | F100: 인공지능마켓 강하니 | G100: 유튜브 | H100: X | J100: https://www.youtube.com/@ai_market | L100: aimarket7777@gmail.com | N100: =IF(AND(O100=1,P100=0),"DM",IF(AND(O100=0,P100=1),"이메일",IF(AND(O100=1,P100=1),"DM+이메일",""))) -> DM | O100: 1 | P100: 0 | Q100: 0 | T100: 46108
...

Sheet 미팅 예정
A1: No. | B1: 담당자 | C1: 강사명 | D1: 분야 | E1: 미팅 일정 | F1: SNS | G1: 상태 | H1: 강사 정보 | I1: 특이사항
A2: 1 | B2: 정승희 | C2: 리셀이코치 | D2: 리셀, 아마존 | E2: 4/1(수) 17:00 | F2: 유튜브 | G2: 진행 중 | H2: 리셀로 연매출 10억 (아마존 추정)
A3: 2 | B3: 정승희 | C3: 김나무 | D3: 이모티콘 작가 데뷔 | E3: 4/2(목) 11:00 | F3: 인스타 | G3: 진행 중 | H3: 탈잉에서 활동 중
A4: 3 | B4: 정승희 | C4: 팅쌤 | D4: 한국어, 에어비앤비 | E4: 4/2(목) 13:00 | F4: 유튜브 | G4: 진행 중 | H4: 한국어 강사, 월 매출 1,500 | I4: 웰클래스 소속, 미팅 취소 될 수 있음
A5: 4 | B5: 정승희 | C5: 세지쌤_임영순 | D5: 쇼핑 숏폼 | E5: 4/2(목) 15:00 (줌) | F5: 카카오톡 | G5: 진행 중 | H5: 세지스쿨 - 코치, 쇼핑 숏폼 강사
A6: 5 | B6: 정승희 | C6: 딱쉬운경공매 | D6: 소액 경매 | E6: 4/6(월) 15:00 (줌) | F6: 유튜브 | G6: 진행 중 | H6: 소액 경매, 공매 - 자체 강의 진행 중
A7: 23 | B7: 정승희 | C7: 김은량 | D7: 시니어 준비생 | E7: 4/6(월) 14:00 | F7: 010-6864-6800 | G7: 진행 중 | H7: 월 300정도, 멤버십, 클래스 101, 광고업체 협업(이번달 1회,300만) | I7: 본부장님은 미팅 참여x
A8: 6 | B8: 정승희 | C8: 도루묵(김윤주) | D8: N잡•그림•디자인수익화•재테크 | F8: 인스타 | G8: 진행 중 | H8: 인스타 팔로우 1만, 수익은 얼마 없는 듯 | I8: 미팅 일정 및 방법 조율 중
A9: 7 | B9: 정승희 | C9: 쏘하 | D9: 릴스 제작 | F9: 인스타 | G9: 진행 중 | I9: 인스타로 긍정반응 - 아직 개별 연락 X
A10: 8 | B10: 정승희 | C10: 슈퍼봇 | D10: AI 강의 | F10: 인스타 | G10: 진행 중 | H10: 클래스 101 AI 1등 강사 | I10: 인스타로 긍정반응 - 아직 개별 연락 X
A11: 9 | B11: 정승희 | C11: 김명선 | D11: 건강 쇼츠 | F11: 블로그 | G11: 보류 | I11: 현재 바빠서 연락 어려움 (4월 둘 째주쯤 연락 ㄱ)
A12: 10 | B12: 정승희 | C12: 김지안 | D12: 성과우수_온백 1기 | F12: 010-3374-5569 | G12: 진행 중 | I12: 문자 소통 중
A13: 11 | B13: 정승희 | C13: 박현주 | D13: 성과우수_셀팜 5기 농수산물 | F13: 010-9082-2766 | G13: 제외 | I13: 문자 소통 중
A14: 12 | B14: 정승희 | C14: 강종현 | D14: 성과우수_셀팜 3기 유투브 | F14: 010-7556-4797 | G14: 진행 중 | I14: 문자 소통 중
A15: 13 | B15: 정승희 | C15: 김민 | D15: 성과우수_셀팜 3기 농수산물 | F15: 010-8255-9215 | G15: 제외 | I15: 부담 느껴 거절
A16: 14 | B16: 정승희 | C16: 정재호 | D16: 부자꿈틀 1기 | F16: 010-4113-2579 | G16: 진행 중 | I16: 문자 소통 중
A17: 15 | B17: 정승희 | C17: 김지은 | D17: 민대표 1기 | F17: 010-5894-4111 | G17: 진행 중 | I17: 문자 소통 중
A18: 16 | B18: 정승희 | C18: 박수경 | D18: 부자꿈틀 2기 | F18: 010-2953-4913 | G18: 진행 중 | I18: 문자 소통 중
A19: 17 | B19: 정승희 | C19: 정경진 | D19: 부자꿈틀 2기 | F19: 010-8231-2575 | G19: 제외 | I19: 부담 느껴 거절
A20: 18 | B20: 정승희 | C20: 이효군 | D20: 부자꿈틀 1기 | F20: 010-9080-5838 | G20: 진행 중 | I20: 문자 소통 중
A21: 19 | B21: 정승희 | C21: 김소완 | D21: 부자꿈틀 1기 | F21: 010-4813-3868 | G21: 제외 | I21: 문자 소통 중
A22: 20 | B22: 정승희 | C22: 오설미 (회신체크) | D22: 부자꿈틀 시니어 2기 | F22: 010-2400-5453 | G22: 진행 중 | I22: 문자 소통 중
A23: 21 | B23: 정승희 | C23: 문아영 | D23: 부자꿈틀 3기 | F23: 010-6653-5103 | G23: 제외 | I23: 전화 완료, 강사 매력도 떨어져서 여기서 마무리
A24: 22 | B24: 정승희 | C24: 오용훈 | D24: 플레이리스트 채널 운영 중 | E24: 5월 예정 | F24: 유튜브, 010-5579-7971 | G24: 진행 중 | I24: 강사 관심 높음, 검증은 안 됨, 5월 달에 미팅 예정
A25: 24
A26: 25
A27: 26
A28: 27
A29: 28
A30: 29
A31: 30
A32: 31
A33: 32
A34: 33
A35: 34
A36: 35
... A49: 48

Sheet Claude Cache
A1: ⚠️ SHEET RESERVED FOR =CLAUDE... FUNCTIONS. DO NOT EDIT! ⚠️
A2: Key | B2: Value | C2: Expiration

Sheet 1차메시지
C1: DM (발송 예정) | I1: 이메일 (발송 예정)
C4: 안녕하세요, [강사명]님. (주) 핏크닉 대표 정승요입니다. :) 우연찮게 대표님의 [콘텐츠]를 인상 깊게 보고 연락을 드렸습니다. (이런 연락을 자주 드리진 않습니다.. ㅎㅎ) 저희 핏크닉은 온, 오프라인 강의 플랫폼입니다. 현재 핏크닉에는 41명 이상의 전문가께서 강사로 활약하며, 수강생들의 성과를 돕고 있습니다. 핏크닉이 추구하는 1순위 가치는 '성장'입니다. 이 성장을 숫자로 표현하면 다음과 같습니다. - 평균 강사 기수 : 4기수↑ - 강의 만족도 : 8.6/10점 - 강의 추천 의향 : 84.7% (설문 참여 인원 : 1,084명) 이처럼 핏크닉은 강사, 수강생 모두에게 실질적인 성장을 만들어드리고 있습니다. 대표님께서 핏크닉과 함께하신다면, 가지신 노하우와 가치를 더 많은 사람들에게 전달할 수 있을 뿐만 아니라, 그 과정에서 강사님의 브랜드와 전문성이 자연스럽게 쌓이는 경험을 제공해드릴 수 있습니다. 관련하여 가볍게 커피챗하면서 이야기를 나눠보시면 어떠실까요? :) 물론 부담을 가지실 필요는 전혀 없습니다. 미팅이 아닌 서로의 인사이트를 나누는 자리라고 생각하시면 좋을 것 같습니다. ^^ 제가 미팅이 많아 본부장님 연락처를 첨부드리며, 연락주시면 스케줄 조율하여 미팅 잡아주실 것입니다. 편하게 연락주시면 됩니다 :) 앞으로 좋은 인연이 되길 바라겠습니다. 감사합니다. (주) 핏크닉 대표 정승요 드림 본부장 연락처 : 010-7631-9761 홈페이지 : fitchnic.com | I4: 제목 : [강사명]님께 드리는 제안 안녕하세요, [강사명]님. (주) 핏크닉 대표 정승요입니다. :) 우연찮게 대표님의 [콘텐츠]를 인상 깊게 보고 꼭 한번 이야기를 나눠보고 싶어 메일을 드렸습니다. 원래 이런 연락을 자주 드리지 않습니다만, [강사명]님이 가진 노하우와 콘텐츠를 보면서 대표님과 함께 정말 의미 있는 협업을 할 수 있겠다는 생각이 들어 연락을 드렸습니다. 핏크닉이 어떤 곳인지 먼저 말씀드릴게요. 저희 핏크닉은 온, 오프라인 강의 플랫폼으로 41명 분이 강사님과 함께하고 있습니다. 핏크닉이 추구하는 가장 중요한 가치는 '성장'입니다. 이 성장을 숫자로 표현하면 다음과 같습니다. - 평균 강사 기수 : 4기수↑ - 강의 만족도 : 8.6 / 10점 - 강의 추천 의향 : 84.7% (설문 참여 인원 : 1,084명) 숫자가 전부를 말해주진 않지만, 핏크닉이 강사님과 수강생의 성장을 얼마나 중요하게 생각하는지는 확인할 수 있다고 생각합니다. [강사명]님께서 핏크닉과 함께하신다면, 가지신 노하우와 가치를 더 많은 사람들에게 전달할 수 있을 뿐만 아니라, 그 과정에서 강사님의 브랜드와 전문성이 자연스럽게 쌓이는 경험을 제공해드릴 수 있습니다. 관련하여 가볍게 커피챗하면서 이야기를 나눠보시면 어떠실까요? :) 물론 부담을 가지실 필요는 전혀 없습니다. 미팅이 아닌 서로의 인사이트를 나누는 자리라고 생각하시면 좋을 것 같습니다. ^^ 제가 미팅이 많아 본부장님 연락처를 첨부드리며, 연락주시면 스케줄 조율하여 미팅 잡아주실 것입니다. 편하게 연락주시면 됩니다 :) 앞으로 좋은 인연이 되길 바라겠습니다. 감사합니다. ^^ (주) 핏크닉 대표 정승요 드림 본부장 연락처 : 010-7631-9761 홈페이지 : fitchnic.com

Sheet 2차메시지
C1: 이메일 | J1: 2차 변형 - DM + 이메일 (진행 중)
C4: 제목 : [강사명]님, 주식회사 핏크닉 대표 정승요입니다. :) 안녕하세요, [강사명]님. (주) 핏크닉 대표 정승요입니다. :) 지난번 메일에서 핏크닉 소개가 조금 부족했던 것 같아 이렇게 다시 한번 연락드립니다. 강의 연락을 받으셨을 때, 아마 이런 생각을 하셨을 것 같습니다. '내가 강의를 잘 만들 수 있을까?' '기획이나 마케팅을 해준다고 하는데, 실제로 얼마나 해줄까?' '혼자 해도 되는데 굳이 같이 해야 할 이유가 있을까?' 제가 현역 강사이니, 강사님들의 고충을 누구보다 잘 알고 있다고 생각하는데요. ㅎㅎ 개인이 강의를 기획부터 운영을 하게 되면 생기는 문제는 간단합니다. 바로 '강의 자체에 집중하기가 어렵다는 것'입니다. 수강생 모집, CS, 과제 관리, 기수 관리까지 강의 하나에 들어가는 일이 생각보다 많습니다. 수강생 모집 단계에서 막히는 경우도 대부분이고요. 결국 강사님께서 돈, 시간만 낭비하는 경우를 정말 많이 봐왔습니다. 핏크닉 강사님들께서 핏크닉과 오래 함께하시는 이유가 바로 여기에 있습니다. 저희는 강의 기획부터 마케팅, 촬영, 운영까지 전 과정을 함께해드리고 있습니다. 담당 PM, PD, CS팀이 배정되어 강사님께서 오롯이 강의에만 몰입하실 수 있는 환경을 만들어드립니다. 또한 정산 과정도 그 어떤 곳보다 투명하게 진행하고 있습니다. 그리고 또 하나 자부할 수 있는 건, 누구보다 대표가 열심히 한다는 점입니다. ㅎㅎ 제가 강사님들과 직접 부딪히며 일하기 때문에, 강사님들이 어떤 부분이 가장 힘들고 어떤 부분에서 막히는지 잘 압니다. 수강생 모집이 안 될 때, 커리큘럼을 어떻게 짜야 할지 막막할 때, 수강생 CS가 쌓여서 강의에 집중이 안 될 때. 그 답답함이 어떤 건지 알기 때문에 대표인 제가 직접 발로 뛰면서 케어해드리고 있습니다. 문제가 생겼을 때 가장 빠르게 움직일 수 있는 사람이 저라고 생각하거든요. [강사명]님! 2026년 핏크닉과 함께 압도적인 성장을 해보시죠. :) 핏크닉에서 책임지고 강사님의 성장을 돕겠습니다. 부담 가지실 것 없습니다. 가볍게 커피 한 잔 하신다고 생각하시면 좋을 것 같습니다. :) 제가 미팅이 많아 본부장님 연락처를 첨부드리며, 연락주시면 스케줄 조율하여 미팅 잡아주실 것입니다. 편하게 연락주시면 됩니다 :) 좋은 인연이 되길 기대하겠습니다. 감사합니다. ^^ (주) 핏크닉 대표 정승요 드림 본부장 연락처 : 010-7631-9761 홈페이지 : fitchnic.com | J4: 안녕하세요, 대표님. 지난번에 연락드렸던 (주) 핏크닉 대표 정승요입니다. 꽤 오랜만에 다시 연락드리네요. ㅎㅎ 그동안 잘 지내셨는지요. 그동안 타이밍이 맞지 않아 아쉬웠는데, 이번에 대표님의 콘텐츠를 보면서 다시 한번 연락드리고 싶었습니다. :) 그동안 핏크닉도 많은 성장을 해왔습니다. 그 성장을 숫자로 표현하자면 다음과 같습니다. - 핏크닉 강사 평균 강의 기수 : 4기수↑ - 평균 강의 만족도 : 8.6 / 10점 - 평균 강의 추천 의향 : 84.7% (설문 참여 인원 : 1,084명) 숫자가 전부를 말해주진 않지만, 핏크닉이 강사님과 수강생의 성장을 얼마나 중요하게 생각하는지는 확인할 수 있다고 생각합니다. 대표님께서 핏크닉과 함께하신다면, 가지신 노하우와 가치를 더 많은 사람들에게 전달할 수 있을 뿐만 아니라, 그 과정에서 강사님의 브랜드와 전문성이 자연스럽게 쌓이는 경험을 제공해드릴 수 있습니다. 짧지 않은 기간동안 핏크닉은 많은 성장을 하였습니다. 그리고 대표님의 성장을 책임질 수 있는 환경을 갖추었다고 자신합니다. 관련하여 가볍게 커피챗하면서 이야기를 나눠보시면 어떠실까요? :) 혹시라도 이전과 상황과 생각이 바뀌셨다면, 부담 없이 서로의 이야기를 나눠도 좋을 것 같습니다. 제가 미팅이 많아 본부장님 연락처를 첨부드리며, 연락주시면 스케줄 조율하여 미팅 잡아주실 것입니다. 편하게 연락주시면 됩니다 :) 앞으로 좋은 인연이 되길 바라겠습니다. 감사합니다. ^^ (주) 핏크닉 대표 정승요 드림 본부장 연락처 : 010-7631-9761 홈페이지 : fitchnic.com

Sheet 3차메시지
D1: 이메일
D4: 제목 : 대표님, 마지막으로 인사드립니다. :) 안녕하세요, 대표님. (주) 핏크닉 대표 정승요입니다. :) 두 번 정도 메일을 드렸는데, 이번이 마지막 메일입니다. 바쁘셔서 못 보셨을 수도 있고, 지금 당장 관심이 없으실 수도 있습니다. 어떤 이유든 충분히 이해합니다. 다만 한 가지만 말씀드리고 싶습니다. 강의는 타이밍이 중요합니다. 시장이 원할 때 시작하는 강의와 그 타이밍을 놓친 강의는 결과가 달라지거든요. 나중에 마음이 생기셨을 때, 핏크닉과 대표님이 함께할 수 있으면 좋겠습니다. 언제든 편하게 연락 주세요. 문은 항상 열려 있습니다. :) 대표님의 성장과 성공을 늘 응원하겠습니다. 감사합니다. ^^ (주) 핏크닉 대표 정승요 드림 본부장 연락처 : 010-7631-9761 홈페이지 : fitchnic.com

Sheet SMS단체메일
B3: SMS | H3: 단체발송 메일 (개인화x)
B5: 안녕하세요, 대표님 :) 핏크닉 김상원 본부장입니다. 오랜만에 연락드립니다. ^^ 연락을 드린 이유는 대표님께 핏크닉 강사를 제안드리고 싶어서입니다. 대표님이 내신 성과를 보니, 강사로서 충분히 좋은 모습을 보여주실 수 있으실 것 같아서요. :) 아쉬운 마음에 한번 더 연락을 드립니다. (아무에게나 이런 연락을 드리지 않습니다. ㅎㅎ) 아마 갑자기 이런 말씀을 드리면 '내가 강사를 할 수 있을까?' 겁부터 나실 것 같은데요. ^^.. 하지만 걱정하실 필요는 것이 현재 핏크닉에서 가장 후기가 좋은 강사분은 '핏크닉 수강생' 출신이십니다. :) 대표님과 똑같은 상황에서 출발하셨지만 지금은 스타 강사가 되어 수많은 분들의 수익화를 돕고 계십니다. 또한 좋은 강의를 만들기 위해 담당 PM이 함께하여 강의 커리큘럼부터, CS 등 담당 전문가가 함께 도와드실 예정입니다. 강사분들이 몰입할 수 있는 환경을 제공해드리니 너무 걱정하지 않으셨으면 합니다. :) 협업 관련하여 핏크닉에서 가볍게 미팅 한 번 해보시는 건 어떠실까요? 꼭 강사가 아니더라도 함께 커피 한 잔 하시면서 인사이트 나눌 수 있는 시간을 가지면 좋을 것 같습니다. :) 사무실로 직접 방문이 어려우시다면, 줌(Zoom)으로도 가능합니다. 괜찮으신 시간이나 날짜 말씀해주시면 일정 잡아보겠습니다. 편하게 답장 부탁드리겠습니다. 감사합니다. ^^ | H5: 안녕하세요, (주) 핏크닉 대표 정승요입니다. :) 우연찮게 대표님의 [채널 콘텐츠]를 인상 깊게 보고 꼭 한번 이야기를 나눠보고 싶어 메일을 드렸습니다. 원래 이런 연락을 자주 드리지 않습니다만, 채널의 퀄리티와 가능성을 보며 함께 정말 의미 있는 협업을 할 수 있겠다는 생각이 들어 연락을 드렸습니다. 핏크닉이 어떤 곳인지 먼저 말씀드릴게요. 저희 핏크닉은 온, 오프라인 강의 플랫폼으로 41명의 강사님과 함께하고 있습니다. 핏크닉이 추구하는 가장 중요한 가치는 '성장'입니다. 이 성장을 숫자로 표현하면 다음과 같습니다. - 평균 강사 기수 : 4기수↑ - 강의 만족도 : 8.6 / 10점 - 강의 추천 의향 : 84.7% (설문 참여 인원 : 1,084명) 숫자가 전부를 말해주진 않지만, 핏크닉이 강사님과 수강생의 성장을 얼마나 중요하게 생각하는지는 확인할 수 있다고 생각합니다. 대표님께서 핏크닉과 함께하신다면, 가지신 노하우와 가치를 더 많은 사람들에게 전달할 수 있을 뿐만 아니라, 그 과정에서 강사님의 브랜드와 전문성이 자연스럽게 쌓이는 경험을 제공해드릴 수 있습니다. 관련하여 가볍게 커피챗하면서 이야기를 나눠보시면 어떠실까요? :) 물론 부담을 가지실 필요는 전혀 없습니다. 미팅이 아닌 서로의 인사이트를 나누는 자리라고 생각하시면 좋을 것 같습니다. ^^ 제가 미팅이 많아 본부장님 연락처를 첨부드리며, 연락주시면 스케줄 조율하여 미팅 잡아주실 것입니다. 편하게 연락주시면 됩니다 :) 앞으로 좋은 인연이 되길 바라겠습니다. 감사합니다. ^^ (주) 핏크닉 대표 정승요 드림 본부장 연락처 : 010-7631-9761 홈페이지 : fitchnic.com
M7: [채널 콘텐츠] 부분은 수정 필요!
M8: -> 예. 플레이리스트 콘텐츠, 시니어 콘텐츠 등

Sheet 연락금지
A1: 🚫 연락금지 목록
A2: A열에 강사명(활동명) 입력 → markBanned() 실행 → 강사모집 탭 해당 행 빨간색 자동 표시
A4: 연락금지 플랫폼 (추가 가능)
A5: 타이탄클래스
A6: 인베이더스쿨
A7: 코주부클래스
A8: N잡연구소
A9: 사이클해커스
A17: 강사명 (활동명) | B17: 소속 플랫폼 | C17: 사유 | E17: 인스타그램 ID | F17: 닉네임
A18: 머니몬스터 | B18: 인베이더스쿨 | C18: 현역 강사 | E18: ssong_toon | F18: 뻥안치고
A19: 신영선 | B19: 타이탄클래스 | C19: 현역 강사 | E19: ism_maker | F19: 황원택
A20: 저스트고 | B20: 타이탄/인베이더스쿨 | C20: 현역 강사 | E20: loat_gang | F20: 갱
A21: 방구석 농부 | B21: 코주부클래스 | C21: 현역 강사 | E21: nan_on_u | F21: 이온유
A22: 유캐빈 | B22: 사이클해커스 | C22: 현역 강사 | E22: frenchluxury_ceo | F22: 프렌치럭셔리 [35년 장인 이불/럭셔리 리빙]
A23: 빈이파파 | B23: 코주부클래스 | C23: 현역 강사 | E23: titantools__ | F23: 오윤록 l 타철
A24: 엘제이 | B24: 사이클해커스 | C24: 현역 강사 | E24: wns_rl2002 | F24: 민준기
A25: 나리테일 | B25: 코주부클래스 | C25: 현역 강사 | E25: az__eden | F25: 유찬종
A26: 이도전 | B26: 타이탄클래스 | C26: 현역 강사 | E26: hslimlaw | F26: 임현서 변호사
A27: 양요다 | B27: 사이클해커스 | C27: 현역 강사 | E27: jokyum.kim | F27: 김조겸 세무사
A28: 혜다 | B28: 사이클해커스 | C28: 현역 강사 | E28: studiohive.official | F28: 당일보정 바디프로필ㅣ스튜디오 하이브
... A32: 최영호 | B32: 사이클해커스 | C32: 현역 강사 | E32: _doji_o_o | F32: 이도인
A33: 저스트고 | B33: 인베이더스쿨 | E33: kj_93 | F33: 권기동
A34: 메리 | B34: 타이탄클래스 | E34: roomfinder.kr | F34: 숙소찾아주는남자
A35: 션 | B35: N잡연구소 | E35: mountain.chicken | F35: 마운틴치킨
A36: 보거스 | B36: 인베이더스쿨 | E36: alphamale__2025 | F36: 애드센스 전문가 | 알파남 김지수
A37: 콘파남 | B37: 사이클해커스 | E37: rubypapa_travel | F37: 루비파파 | 가족 여행 육아 크리에이터
A38: 긍정필터 | B38: 아이비클래스 | E38: _happy_elin | F38: 병원마케팅 기준 | 엘린
A39: 주건 | B39: 타이탄클래스 | E39: flourprince | F39: 신민규
A40: 부자매 | B40: 돈클 | E40: gyeongju.si | F40: 경주특별시
A41: 연화선녀 | B41: 코주부클래스 | E41: firelab_pi | F41: 파이
A42: 준호 | B42: 타이탄클래스 | E42: gowva1 | F42: 김지호
A43: 지구미 | B43: N잡연구소 | E43: worldvisionkorea | F43: 월드비전 공식 인스타그램
A44: 운대표 | B44: N잡연구소 | E44: cowboy_grill | F44: 카우보이그릴
... A73: 조은정 | B73: 인베이더스쿨 | E73: grimiartdesign | F73: 그리미아트 (디자인 성공비법, 디자인사업 코칭)
A74: 서재호 | B74: 사이클해커스 | E74: ramyloveboo
A75: 소영처럼 | B75: 아이비클래스 | E75: easy_design.ed | F75: 이지디자인.이디|상세페이지 제작 및 강의
A76: 연주 | B76: 타이탄클래스 | E76: runup.director | F76: 릴스PD 런디 | 브랜드를 위한 숏폼 콘텐츠 제작
A77: 프룻밀리언 | B77: 하버드클래스 | E77: s____haron | F77: (주)샤론컴퍼니 대표 김지은 | 모공밤 멀티밤 루티너 파이토신 ‘판매 1위’ | 파메스테틱 & 슈퍼젝션 입점교육🧡
A78: 배우는윤쇼 | B78: N잡연구소 | E78: bellnine59 | F78: 김종구
A79: 유튜브남매 | B79: 인베이더스쿨 | E79: daangn__easy | F79: 당근이지 | 사업가 | 컨설턴트 | 크리에이터
A80: 쇼츠아재 | B80: 타이탄클래스 | E80: keunyong.ryu.1 | F80: 용쌤 유근용
A81: 월억도전 | B81: 사이클해커스 | E81: sook_sajang | F81: 10년차 숙박업하는 숙사장 | 숙박업 부동산 리모델링
A82: 김여름 | B82: 하이클래스 | E82: hakkondae.official | F82: 하꼰대
A83: 배선국 | B83: 돈클 | E83: seoyoung.me | F83: 서영 | 퍼스널브랜딩 · 인스타 · AI
A84: 유튜브훈련소 | B84: 코주부클래스 | E84: doheon_1ee | F84: Lee Do Heon
A85: 스텔라리 | B85: 인베이더스쿨 | E85: kimhwansu90 | F85: 김환수
A86: 손혜리 | B86: 사이클해커스 | E86: lets_yun2 | F86: 전지윤🎀 | SNS 수익화
... A101: 머니페이지 | B101: 하이클래스 | E101: mokri_house | F101: 박서은 l 목리집박주부
A102: 유부녀들 | B102: 인베이더스쿨 | E102: s_youan_
A103: 폰공략 | B103: 타이탄클래스 | E103: gyusik.choi | F103: 생일파티전문MC | 키즈파티레크레이션 | 방문체육 | 유아체육 마스터 에디샘 🦊
A104: NFM | B104: 코주부클래스 | E104: donkey.co.kr | F104: 동키 | 김요셉
A105: 자생법 | B105: 타이탄클래스 | E105: buildinghyung | F105: 빌딩형
A106: 돈버는형님들 | B106: 돈클 | E106: 44you_ng | F106: 김웅빈 ㅣ광주휴대폰성지ㅣ광주 청년통신
A107: 내일은편하게 | B107: N잡연구소 | E107: ai_leading | F107: 홍아린 Al 연구원
A108: 디드메 | B108: 하버드클래스 | E108: we_grow00 | F108: 위그로 | 쿠팡• 로켓그로스•이커머스•AI자기계발
A109: 김쿠킹 | B109: 타이탄클래스 | E109: seokjunbro | F109: 원석준 l 석준이형
A110: 연기우 | B110: 하이클래스 | E110: money__earnest | F110: 머니스트
A111: 김윤화 | B111: 사이클해커스 | E111: b_bshun | F111: BSH
A112: 최고수준 | B112: 하이클래스 | E112: miracle__pray | F112: Noah
A113: 밀라코 | B113: 돈클 | E113: thekey1982 | F113: 김덕기
A114: 원현우 | B114: 타이탄클래스 | E114: aibushusho
A115: AI미큐 | B115: 코주부클래스 | E115: korea_company_lab | F115: 자금원컴퍼니ㅣ장대표 •장책자금•자금조달•중소기업•소상공인
A116: 유세종 | B116: 하버드클래스 | E116: rma_bear | F116: 샐러리문 곰돌이
A117: 깡대표 | B117: 타이탄클래스 | E117: kyurr11 | F117: 무자본사업가, 규리다
A118: 제로 | B118: 아이비클래스 | E118: izoa1030 | F118: Changbong Choi
A119: 방이나 | B119: N잡연구소 | E119: _linklog | F119: 링크로그 | 연결의 순간을 기록하는 사람
A120: 김히엉 | B120: 디하클 | E120: rocky__oh | F120: 오후록
A121: 리아 | B121: 코주부클래스 | E121: careernomad_ | F121: 이희망 (망형)
A122: 최영호 | B122: 사이클해커스 | E122: hyenimtv_official | F122: 안혜빈 | 인스타그램마케팅 AI 행동설계자
A123: 부비게이터&은진 | B123: 하버드클래스 | E123: gs_nolbu | F123: 거상 김놀부
A124: 혜다 | B124: 사이클해커스 | E124: cmlee.korea | F124: 이창민 | 러닝스푼즈
A125: 파이 | B125: 돈클 | E125: shin_jae_sik | F125: 신재식
A126: 로고언니 | B126: 타이탄클래스 | E126: dino.the.nomad_official | F126: Dino.the.nomad 디노
... A167: 루카스 | B167: 코주부클래스 | E167: zero_g_thousand | F167: 영근
A168: 오션 | B168: 코주부클래스 | E168: hack_the_reels
A169: 조은정 | B169: 하버드클래스 | E169: hahahahauk | F169: 나선욱
A170: 에어 | B170: N잡연구소 | E170: pa_partners1 | F170: 정책자금해결사 최대표 | 자금해결사 정책부동산 머니푸는남자 피에이파트너스 제조업 중소기업 소상공인 전문가
A171: 리더리안 | B171: 사이클해커스 | E171: mk_moneytip | F171: 민팀장 | 자기계발 • 사업가 • 마인드셋
A172: 랭커 | B172: 인베이더스쿨 | E172: donghyun_0126 | F172: 김동현
A173: 지온서 | B173: 타이탄클래스 | E173: cojooboo_school | F173: 츄르값버는냥이
A174: 에스더 | B174: N잡연구소 | E174: hyenii_days | F174: 셀러퀸즈 혜니ෆ
A175: 서재호 | B175: 사이클해커스 | E175: _jayroad | F175: 제이로드 | 숏폼 퍼널 설계자
A176: 긍정필터 | B176: 아이비클래스 | E176: canbus_b | F176: 캔버스 | 인스타그램 · 릴스 · 마케팅 · 퍼스널브랜딩
A177: 유세종 | B177: 하버드클래스 | E177: kodministry | F177: 다윗의열쇠(Key of david)
A178: 저스트고 | B178: 인베이더스쿨 | E178: _charmingseul_ | F178: 차밍슬 | 공간대여 * 자기계발
A179: 월세여왕리나쌤 | B179: 하버드클래스 | E179: gogo_chachacha | F179: 고예찬 | Ye chan
A180: 아임해피 | B180: 코주부클래스 | E180: choihangbu | F180: 최보연 | 최행부 사업•미국주식•부동산
... A200: 불혹청년 | B200: 사이클해커스 | E200: rerbcz | F200: 김단장
A201: 쿠브남 | B201: 하이클래스 | E201: suhosaup
A202: 돈버는형님들 | B202: 돈클 | E202: aj_develop | F202: anderson
A203: 장원준 | B203: 사이클해커스 | E203: s_die92 | F203: 세상의 다양한 이야기
A204: 월억남 | B204: 디하클 | E204: livingcreat.or | F204: 리빙크리에이터
A205: 떵이자까 | B205: 코주부클래스 | E205: dream_tree_100 | F205: 꿈나무 | 부동산 • 경매 • 주식
A206: 신지원 | B206: 인베이더스쿨 | E206: bu._.tory | F206: 부토리ㅣ부동산 내집마련 • 재테크 멘토
A207: 어비 | B207: 타이탄클래스 | E207: upplan0413 | F207: 애찌✨ | 재테크툰 | 성장하는 어른이
A208: 유교관 | B208: 하버드클래스 | E208: ranker_12 | F208: 랭커
A209: 방구석농부 | B209: 코주부클래스 | E209: bangbang_tech | F209: 방방테크 l 부동산 경매, 신탁공매 9년차 실전투자자
A210: 해원 | B210: 하버드클래스 | E210: nyam.nani | F210: 창원맛집 🌸냠나니🌸 (+김해맛집,부산맛집)
A211: 연화선녀 | B211: 코주부클래스 | E211: ghks3400 | F211: 빌딩온부동산중개 김주환 대표
A212: 릴리 | B212: N잡연구소 | E212: ceo_ldh | F212: 이동호 | LI파트너스
...

Sheet 사용방법
B1: 📘 사용방법 & 운영 가이드
B3: 탭별 역할
B4: 강사모집 | C4: 30명이 강사 후보 입력. M열(상태) + O열(등급) 관리
B5: 컨택관리 | C5: 발송 예정 이상 인원 옮겨서 차수별 발송 추적
B6: 현황판 | C6: 자동 집계 대시보드. 수정 불필요
B7: 0~3차메시지 | C7: 채널 규모별 A/B/C안 + 감정/의심 해결 가이드
B8: 연락금지 | C8: 금지 강사 목록. 추가 후 markBanned() 실행
B10: 상태값 기준 (M열)
B11: 미검토 | C11: 등록만 된 상태 (기본값)
B12: 컨펌 필요 | C12: 분류팀이 올림 → 본부장님 확인 필요
B13: 발송 예정 | C13: 본부장 컨펌 완료 → 컨택관리 탭에 옮기기
B14: 진행 중 | C14: 0차 이상 발송됨 → 컨택관리 탭에서 추적
B15: 계약 완료 | C15: 온보딩 완료 ✅
B16: 제외 | C16: 연락 불가 — N열에 사유 기재
B17: 보류 | C17: 지금은 아님 — 나중에 발송 예정으로 재진입 가능
B18: 거절 | C18: 명확한 거절 — 재연락 절대 금지
B20: 등급 기준 (O열)
B21: A | C21: 강의 이력 O + 수강생 성과 있음 → 1순위 | D21: 등급이 있어도 좋으나, 획일화가 되면 오히려 큰 의미가 없을 수 있겠다
B22: B | C22: 강의 이력 O + 성과 불명확 → 2순위 | D22: 일단 불러라 - 사짜, 최소기준 충족 못하다
B23: C | C23: 강의 이력 없음 + SNS/수익화 실적 있음 → 3순위 | D23: 트렌드(AI 유튜브 등) - 기준치 널널, 트렌드 X - 브랜딩, 소구점, 프로그램
B24: D | C24: 강의 이력 없음 + 실적 불명확 → 4순위
B26: 발송 타임라인
B27: D+0 0차 | C27: 첫 메시지 — DM 우선, 없으면 이메일
B28: D+3 1차 | C28: 리마인드 — 1차 팔로업 응답률 +49% (Belkins 1,100만건)
B29: D+6 2차 | C29: 증명 — 누적 응답 94% 도달
B30: D+9 3차 | C30: 브레이크업 — 무응답자만 선택 발송
B32: 채널 규모 기준 (메시지 탭 A/B/C안)
B33: A안 | C33: 소규모 — 팔로워/구독자 1만 미만
B34: B안 | C34: 중간 — 팔로워/구독자 1만~5만
B35: C안 | C35: 대형 — 팔로워/구독자 5만 이상
B37: 자주 쓰는 필터 (강사모집 탭)
B38: 컨펌 필요만 | C38: M열 → "컨펌 필요" (본부장님용)
B39: 발송 예정만 | C39: M열 → "발송 예정" (발송 담당자용)
B40: A등급만 | C40: O열 → "A" (우선순위 강사)
B41: 강의이력O만 | C41: F열 → "O"

Sheet 핏크닉메타
B1: 지원서_핏크닉메타 — 지원 응답
B2: 새 응답이 들어오면 L열이 노란색으로 표시돼요. 확인 후 드롭다운에서 상태를 바꾸세요.
A4: NO. | B4: 날짜 | C4: 이름 | D4: 강사명(활동명) | E4: 연락처 | F4: 강의경험 | G4: 온/오프라인 여부 | H4: 강사지원 계기, 동기, 자신의 장점 | I4: 강의 주제 서술 | J4: 경력과 수치적 성과 | K4: 수강생이 얻을 수 있는 것 | L4: 소셜미디어 | M4: 소셜미디어 링크 | N4: 담당자 검토여부
A5: NO. | B5: =IFERROR(__xludf.DUMMYFUNCTION("IMPORTRANGE(""https://docs.google.com/spreadsheets/d/1P6ZfKUnSFljb74LQnmtpD7ds-xKx-Mb9LdnpZNRIdeM"",""설문지 응답 시트1!A:l"")"),"#REF!") -> #REF! | N5: 검토상태
A6: {=IF(B6:B1001<>"", ROW(B6:B1001)-5, "")} | N6: 확인완료
N7: 확인완료
N8: 확인완료
N9: 확인완료
N10: 확인완료
N11: 확인완료
N12: 확인완료
N13: 확인완료
N14: 확인완료
N15: 확인완료
N16: 확인완료
N17: 확인완료
N18: 확인완료
... N88: 확인완료

Sheet 핏크닉홈
B1: 지원서_핏크닉홈페이지 — 지원 응답
B2: 새 응답이 들어오면 L열이 노란색으로 표시돼요. 확인 후 드롭다운에서 상태를 바꾸세요.
A4: NO. | B4: =IFERROR(__xludf.DUMMYFUNCTION("IMPORTRANGE(""https://docs.google.com/spreadsheets/d/1_UYbaZNAliPpV-l5VXoC5NxYjlvMjBYA6xLj5JtvaOM"",""설문지 응답 시트1!A:K"")"),"타임스탬프") -> 타임스탬프 | C4: =IFERROR(__xludf.DUMMYFUNCTION("""COMPUTED_VALUE"""),"이메일 주소") -> 이메일 주소 | D4: =IFERROR(__xludf.DUMMYFUNCTION("""COMPUTED_VALUE"""),"성함을 기입해주세요") -> 성함을 기입해주세요 | E4: =IFERROR(__xludf.DUMMYFUNCTION("""COMPUTED_VALUE"""),"활동명 및 닉네임을 기입해주세요") -> 활동명 및 닉네임을 기입해주세요 | F4: =IFERROR(__xludf.DUMMYFUNCTION("""COMPUTED_VALUE"""),"연락처를 적어주세요") -> 연락처를 적어주세요 | G4: =IFERROR(__xludf.DUMMYFUNCTION("""COMPUTED_VALUE"""),"다른 사이트 혹은 강의를 진행하신 경험이 있으신가요?") -> 다른 사이트 혹은 강의를 진행하신 경험이 있으신가요? | H4: =IFERROR(__xludf.DUMMYFUNCTION("""COMPUTED_VALUE"""),"강의하고 싶은 주제를 구체적으로 작성해주세요. 예시 1. 구매대행과 AI를 활용한 수익화 방법 2. 부동산 경매를 통해 돈을 버는 방법") -> 강의하고 싶은 주제를 구체적으로 작성해주세요. 예시 1. 구매대행과 AI를 활용한 수익화 방법 2. 부동산 경매를 통해 돈을 버는 방법 | I4: =IFERROR(__xludf.DUMMYFUNCTION("""COMPUTED_VALUE"""),"핏크닉 강사로 지원하신 동기 및 계기는 무엇인가요? 본인의 장점과 함께 자유롭게 작성해주세요. ") -> 핏크닉 강사로 지원하신 동기 및 계기는 무엇인가요? 본인의 장점과 함께 자유롭게 작성해주세요. | J4: =IFERROR(__xludf.DUMMYFUNCTION("""COMPUTED_VALUE"""),"경력과 어떤 성과를 만드셨는지 수치적으로 작성해주세요* 예시 1. 쿠팡을 통해 연매출 20억 달성 2. 부동산 경매로 순자산 30억 ") -> 경력과 어떤 성과를 만드셨는지 수치적으로 작성해주세요* 예시 1. 쿠팡을 통해 연매출 20억 달성 2. 부동산 경매로 순자산 30억 | K4: =IFERROR(__xludf.DUMMYFUNCTION("""COMPUTED_VALUE"""),"해당 분야에서 수강생의 성과를 만든 경험이 있다면 적어주세요. 1. 수강생이 부업으로 시작해 월 3천만 원 매출 달성 2. 부동산 경매를 알려줘 시세보다 1천만 원 싸게 구입") -> 해당 분야에서 수강생의 성과를 만든 경험이 있다면 적어주세요. 1. 수강생이 부업으로 시작해 월 3천만 원 매출 달성 2. 부동산 경매를 알려줘 시세보다 1천만 원 싸게 구입 | L4: =IFERROR(__xludf.DUMMYFUNCTION("""COMPUTED_VALUE"""),"해당 주제를 통해 수강생이 무엇을 얻을 수 있는지 구체적으로 작성해주세요. 예시 1. 쿠팡 부업을 통해 50만원 정도의 순이익 2. 경매를 통해, 시세보다 저렴하게 부동산 구입") -> 해당 주제를 통해 수강생이 무엇을 얻을 수 있는지 구체적으로 작성해주세요. 예시 1. 쿠팡 부업을 통해 50만원 정도의 순이익 2. 경매를 통해, 시세보다 저렴하게 부동산 구입 | M4: 검토상태
A5: {=IF(B5:B1000<>"", ROW(B5:B1000)-4, "")} -> 1 | B5: =IFERROR(__xludf.DUMMYFUNCTION("""COMPUTED_VALUE"""),45718.01939190972) -> 45718.019 | C5: =IFERROR(__xludf.DUMMYFUNCTION("""COMPUTED_VALUE"""),"") | D5: =IFERROR(__xludf.DUMMYFUNCTION("""COMPUTED_VALUE"""),"ss") -> ss | E5: =IFERROR(__xludf.DUMMYFUNCTION("""COMPUTED_VALUE"""),"ss") -> ss | G5: =IFERROR(__xludf.DUMMYFUNCTION("""COMPUTED_VALUE"""),"없음") -> 없음 | H5: =IFERROR(__xludf.DUMMYFUNCTION("""COMPUTED_VALUE"""),"ss") -> ss | I5: =IFERROR(__xludf.DUMMYFUNCTION("""COMPUTED_VALUE"""),"ss") -> ss | J5: =IFERROR(__xludf.DUMMYFUNCTION("""COMPUTED_VALUE"""),"ss") -> ss | L5: =IFERROR(__xludf.DUMMYFUNCTION("""COMPUTED_VALUE"""),"ss") -> ss | M5: 확인완료
A6: 2 | B6: =IFERROR(__xludf.DUMMYFUNCTION("""COMPUTED_VALUE"""),45722.021624375004) -> 45722.022 | C6: =IFERROR(__xludf.DUMMYFUNCTION("""COMPUTED_VALUE"""),"") | D6: =IFERROR(__xludf.DUMMYFUNCTION("""COMPUTED_VALUE"""),"박은주") -> 박은주 | E6: =IFERROR(__xludf.DUMMYFUNCTION("""COMPUTED_VALUE"""),"20년 연속 토익 990만점 강사") -> 20년 연속 토익 990만점 강사 | G6: =IFERROR(__xludf.DUMMYFUNCTION("""COMPUTED_VALUE"""),"없음") -> 없음 | H6: =IFERROR(__xludf.DUMMYFUNCTION("""COMPUTED_VALUE"""),"토익 시험 하루 전 3시간 특강으로 300점 올리기") -> 토익 시험 하루 전 3시간 특강으로 300점 올리기 | I6: =IFERROR(__xludf.DUMMYFUNCTION("""COMPUTED_VALUE"""),"성인대상 “부”를 증대시키는 노하우를 잘 알려주는 플랫폼으로 알고 가입을 했습니다. 성인들 중 이직이나 승진을 위해 토익 공부를 하는 사람도 많이 있으나 이들을 위한 단기 토익 / 초단기 토익 특강은 많지 않습니다. 단 하루 토익 정기 시험 전 3시간 특강을 통해 목표 점수에 도달하여 성공적인 승진 혹은 이직을 도울 수 있습니다. 제 강점은 20년 연속 토익 990만점을 받은 경력이 있으며 현재도 연세대학교 외국어학당에서 토익 수업을 하고 있는 토익 트"&"렌트를 누구보다 잘 알고 있는 사람이라 자부합니다. 그 동안 모아 온 기출 문제를 통해서 짧은 시간 최소의 시간을 투자하여 최대의 효율을 이룰 수 있게 도움을 줄 수 있습니다! ") -> 성인대상 “부”를 증대시키는 노하우를 잘 알려주는 플랫폼으로 알고 가입을 했습니다. 성인들 중 이직이나 승진을 위해 토익 공부를 하는 사람도 많이 있으나 이들을 위한 단기 토익 / 초단기 토익 특강은 많지 않습니다. 단 하루 토익 정기 시험 전 3시간 특강을 통해 목표 점수에 도달하여 성공적인 승진 혹은 이직을 도울 수 있습니다. 제 강점은 20년 연속 토익 990만점을 받은 경력이 있으며 현재도 연세대학교 외국어학당에서 토익 수업을 하고 있는 토익 트렌트를 누구보다 잘 알고 있는 사람이라 자부합니다. 그 동안 모아 온 기출 문제를 통해서 짧은 시간 최소의 시간을 투자하여 최대의 효율을 이룰 수 있게 도움을 줄 수 있습니다! | J6: =IFERROR(__xludf.DUMMYFUNCTION("""COMPUTED_VALUE"""),"1. 영어 왕기초 학생도 1달 공부하여 500넘기기 2. 토요일 정기 토익 시험 전 특강 듣고 985/970 편입에 필요한 성적 만들기") -> 1. 영어 왕기초 학생도 1달 공부하여 500넘기기 2. 토요일 정기 토익 시험 전 특강 듣고 985/970 편입에 필요한 성적 만들기 | K6: =IFERROR(__xludf.DUMMYFUNCTION("""COMPUTED_VALUE"""),"1. 위의 항목과 유사 (고득점 학생 다수 배출 및 정말 영어 왕기초 학생도 단기에 500 넘게 만듬)") -> 1. 위의 항목과 유사 (고득점 학생 다수 배출 및 정말 영어 왕기초 학생도 단기에 500 넘게 만듬) | L6: =IFERROR(__xludf.DUMMYFUNCTION("""COMPUTED_VALUE"""),"단 하루 3시간 특강으로 토익점수 300점 올리기") -> 단 하루 3시간 특강으로 토익점수 300점 올리기 | M6: 확인완료
A7: 3 | B7: =IFERROR(__xludf.DUMMYFUNCTION("""COMPUTED_VALUE"""),45728.67154998843) -> 45728.672 | C7: =IFERROR(__xludf.DUMMYFUNCTION("""COMPUTED_VALUE"""),"") | D7: =IFERROR(__xludf.DUMMYFUNCTION("""COMPUTED_VALUE"""),"손태훈") -> 손태훈 | E7: =IFERROR(__xludf.DUMMYFUNCTION("""COMPUTED_VALUE"""),"공간대여손PD") -> 공간대여손PD | G7: =IFERROR(__xludf.DUMMYFUNCTION("""COMPUTED_VALUE"""),"https://docs.google.com/forms/d/16D_xEWHRggpGhUtjzAt-N86lFZkti8RFV5DJ7OUN1Zg/edit") -> https://docs.google.com/forms/d/16D_xEWHRggpGhUtjzAt-N86lFZkti8RFV5DJ7OUN1Zg/edit | H7: =IFERROR(__xludf.DUMMYFUNCTION("""COMPUTED_VALUE"""),"가정집 공간대여를 통해 수익화 하는 방법 ") -> 가정집 공간대여를 통해 수익화 하는 방법 | I7: =IFERROR(__xludf.DUMMYFUNCTION("""COMPUTED_VALUE"""),"메일에 따로 후술하였습니다") -> 메일에 따로 후술하였습니다 | J7: =IFERROR(__xludf.DUMMYFUNCTION("""COMPUTED_VALUE"""),"가정집 원룸 하나로 월 200만원 고정 수익 달성, 이후 다양한 공간대여 사업 확장 중") -> 가정집 원룸 하나로 월 200만원 고정 수익 달성, 이후 다양한 공간대여 사업 확장 중 | K7: =IFERROR(__xludf.DUMMYFUNCTION("""COMPUTED_VALUE"""),"코칭 수강생 투자금 100만원으로 한달 10분 일하고 월 100만원 버는 부업 구조 완성 ") -> 코칭 수강생 투자금 100만원으로 한달 10분 일하고 월 100만원 버는 부업 구조 완성 | L7: =IFERROR(__xludf.DUMMYFUNCTION("""COMPUTED_VALUE"""),"공간대여 부업을 통해 50만원 정도의 순수익") -> 공간대여 부업을 통해 50만원 정도의 순수익 | M7: 확인완료
A8: 4 | B8: =IFERROR(__xludf.DUMMYFUNCTION("""COMPUTED_VALUE"""),45729.52381076389) -> 45729.524 | C8: =IFERROR(__xludf.DUMMYFUNCTION("""COMPUTED_VALUE"""),"") | D8: =IFERROR(__xludf.DUMMYFUNCTION("""COMPUTED_VALUE"""),"조명재") -> 조명재 | E8: =IFERROR(__xludf.DUMMYFUNCTION("""COMPUTED_VALUE"""),"셀링남") -> 셀링남 | G8: =IFERROR(__xludf.DUMMYFUNCTION("""COMPUTED_VALUE"""),"https://cyclehackers.com/product/283044/") -> https://cyclehackers.com/product/283044/ | H8: =IFERROR(__xludf.DUMMYFUNCTION("""COMPUTED_VALUE"""),"AI로 쉽고 편하게 월300버는 로켓그로스판매+건강기능식품위탁,제조강의") -> AI로 쉽고 편하게 월300버는 로켓그로스판매+건강기능식품위탁,제조강의 | I8: =IFERROR(__xludf.DUMMYFUNCTION("""COMPUTED_VALUE"""),"머니테이커 대표님과 미팅한번 해보고싶습니다 :)") -> 머니테이커 대표님과 미팅한번 해보고싶습니다 :) | J8: =IFERROR(__xludf.DUMMYFUNCTION("""COMPUTED_VALUE"""),"1.쿠팡플랫폼으로만 1제품으로 월2-3억 / 연매출100억") -> 1.쿠팡플랫폼으로만 1제품으로 월2-3억 / 연매출100억 | K8: =IFERROR(__xludf.DUMMYFUNCTION("""COMPUTED_VALUE"""),"(1)수강생이 부업이나 타강의성과없다가 월 1억달성 수강생,(2)하루강의듣고 집에서 실습 바로매출발생 https://cafe.naver.com/zed1254/1418") -> (1)수강생이 부업이나 타강의성과없다가 월 1억달성 수강생,(2)하루강의듣고 집에서 실습 바로매출발생 https://cafe.naver.com/zed1254/1418 | L8: =IFERROR(__xludf.DUMMYFUNCTION("""COMPUTED_VALUE"""),"1.쇼핑몰 A-Z 단체교육이더라도 1:1오픈채팅방을 개설하여 강사와 밀착코칭 초/중/고급 이해단계 및 수강생 경력이 각각 다르기때문 그래서 성과가 잘나오는 케이스") -> 1.쇼핑몰 A-Z 단체교육이더라도 1:1오픈채팅방을 개설하여 강사와 밀착코칭 초/중/고급 이해단계 및 수강생 경력이 각각 다르기때문 그래서 성과가 잘나오는 케이스 | M8: 확인완료
A9: 5 | B9: =IFERROR(__xludf.DUMMYFUNCTION("""COMPUTED_VALUE"""),45733.89746782408) -> 45733.897 | C9: =IFERROR(__xludf.DUMMYFUNCTION("""COMPUTED_VALUE"""),"") | D9: =IFERROR(__xludf.DUMMYFUNCTION("""COMPUTED_VALUE"""),"이아영") -> 이아영 | E9: =IFERROR(__xludf.DUMMYFUNCTION("""COMPUTED_VALUE"""),"설하") -> 설하 | G9: =IFERROR(__xludf.DUMMYFUNCTION("""COMPUTED_VALUE"""),"중고등 대상 입시 강의, 입시 컨설팅, 입시 설명회 등의 강의") -> 중고등 대상 입시 강의, 입시 컨설팅, 입시 설명회 등의 강의 | H9: =IFERROR(__xludf.DUMMYFUNCTION("""COMPUTED_VALUE"""),"경제 개괄, 부동산 경매 등") -> 경제 개괄, 부동산 경매 등 | I9: =IFERROR(__xludf.DUMMYFUNCTION("""COMPUTED_VALUE"""),"무료 수업 듣고 공부 진행하다가 흥미 생겨서") -> 무료 수업 듣고 공부 진행하다가 흥미 생겨서 | J9: =IFERROR(__xludf.DUMMYFUNCTION("""COMPUTED_VALUE"""),"아직 없습니다. 노동자산을 통한 확보만 진행했습니다..") -> 아직 없습니다. 노동자산을 통한 확보만 진행했습니다.. | L9: =IFERROR(__xludf.DUMMYFUNCTION("""COMPUTED_VALUE"""),"경제 흐름 및 기본 개념 파악, 부동산 기본 개념 파악 등") -> 경제 흐름 및 기본 개념 파악, 부동산 기본 개념 파악 등 | M9: 확인완료
A10: 6 | B10: =IFERROR(__xludf.DUMMYFUNCTION("""COMPUTED_VALUE"""),45748.5010234375) -> 45748.501 | C10: =IFERROR(__xludf.DUMMYFUNCTION("""COMPUTED_VALUE"""),"") | D10: =IFERROR(__xludf.DUMMYFUNCTION("""COMPUTED_VALUE"""),"김한나") -> 김한나 | E10: =IFERROR(__xludf.DUMMYFUNCTION("""COMPUTED_VALUE"""),"나나") -> 나나 | F10: =IFERROR(__xludf.DUMMYFUNCTION("""COMPUTED_VALUE"""),"01053266173") -> 01053266173 | G10: =IFERROR(__xludf.DUMMYFUNCTION("""COMPUTED_VALUE"""),"해당 강의와는 관련없으나 온라인 플랫폼 중국어강사로 현재도 강의가 해당 사이트에 판매되고 있는 중입니다당 강의와는 관련없으나 온라인 플랫폼 중국어강사로 강의 등 소개가 남아있는 상태입니다") -> 해당 강의와는 관련없으나 온라인 플랫폼 중국어강사로 현재도 강의가 해당 사이트에 판매되고 있는 중입니다당 강의와는 관련없으나 온라인 플랫폼 중국어강사로 강의 등 소개가 남아있는 상태입니다 | H10: =IFERROR(__xludf.DUMMYFUNCTION("""COMPUTED_VALUE"""),"1. 무재고로 14억 중국인구에게 판매하는 중국 이커머스 운영비법 2. 구매대행판매자들에게 해당 중국상품을 판매하기 3. 중국사업자 및 각종 중국이커머스 입점하기 4. 중국판매자로 한국 이커머스에 유리한 조건으로 판매하는 법") -> 1. 무재고로 14억 중국인구에게 판매하는 중국 이커머스 운영비법 2. 구매대행판매자들에게 해당 중국상품을 판매하기 3. 중국사업자 및 각종 중국이커머스 입점하기 4. 중국판매자로 한국 이커머스에 유리한 조건으로 판매하는 법 | I10: =IFERROR(__xludf.DUMMYFUNCTION("""COMPUTED_VALUE"""),"중국에서의 유학경험을 쌓고 한국 온라인 중국어 강사를 한지 어느덧 10년이 다 되었습니다 그 동안 결혼과 육아로 인해 거의 사실상 단순 아이를 위한 삶을 살다 저의 장점을 살리기 위해 중국사업을 도전하였습니다 쉽지 않았지만 한국에서도 중국사업자로서 중국이커머스에 입점하여 많은 인구수에 판매해볼 수 있었고 이로 인하여 부업으로 또 지금은 본업으로 중국사업 컨설팅 등과 함께 병행하고 있습니다 중국 이커머스 사업은 한국과 연계하여 확장할 수 있는 가능성과 오"&"히려 많은 분들이 도전해보기 좋고 이를 통해 중국판매자들이 한국 이커머스까지 연계하는 것을 견제할 수 있어 많은 분들이 도전하여 같은 한국인 중국셀러로서 공동체를 만들고 뭉칠 수 있으면 좋을거 같았습니다. 중국에서 학교를 다니고 졸업하여 중국어에 능통하여 해당 중국사업에 어려움 또는 소통에 있어 유리하며 이를 통해 수강생분들의 어려움을 그때그때 해결해드릴 수 있는 가장 큰 장점을 가지고 있습니다") -> 중국에서의 유학경험을 쌓고 한국 온라인 중국어 강사를 한지 어느덧 10년이 다 되었습니다 그 동안 결혼과 육아로 인해 거의 사실상 단순 아이를 위한 삶을 살다 저의 장점을 살리기 위해 중국사업을 도전하였습니다 쉽지 않았지만 한국에서도 중국사업자로서 중국이커머스에 입점하여 많은 인구수에 판매해볼 수 있었고 이로 인하여 부업으로 또 지금은 본업으로 중국사업 컨설팅 등과 함께 병행하고 있습니다 중국 이커머스 사업은 한국과 연계하여 확장할 수 있는 가능성과 오히려 많은 분들이 도전해보기 좋고 이를 통해 중국판매자들이 한국 이커머스까지 연계하는 것을 견제할 수 있어 많은 분들이 도전하여 같은 한국인 중국셀러로서 공동체를 만들고 뭉칠 수 있으면 좋을거 같았습니다. 중국에서 학교를 다니고 졸업하여 중국어에 능통하여 해당 중국사업에 어려움 또는 소통에 있어 유리하며 이를 통해 수강생분들의 어려움을 그때그때 해결해드릴 수 있는 가장 큰 장점을 가지고 있습니다 | J10: =IFERROR(__xludf.DUMMYFUNCTION("""COMPUTED_VALUE"""),"1. 중국 이커머스 사업 연매출 한화기준 50억 달성 (일 기준 1~2천만원 정산) ") -> 1. 중국 이커머스 사업 연매출 한화기준 50억 달성 (일 기준 1~2천만원 정산) | K10: =IFERROR(__xludf.DUMMYFUNCTION("""COMPUTED_VALUE"""),"1. 수강생이 해당 중국 이커머스를 시작함으로 무재고로 월 매출 2천만 원 매출 달성") -> 1. 수강생이 해당 중국 이커머스를 시작함으로 무재고로 월 매출 2천만 원 매출 달성 | L10: =IFERROR(__xludf.DUMMYFUNCTION("""COMPUTED_VALUE"""),"1. 무자본 무재고로 컴퓨터 한대로 시작하는 월 50~수천만원의 순이익 2. 다양한 중국사업으로 확장 3. 중국판매자로 한국이커머스에 훨씬 유리한 조건으로 판매하는 방법 ") -> 1. 무자본 무재고로 컴퓨터 한대로 시작하는 월 50~수천만원의 순이익 2. 다양한 중국사업으로 확장 3. 중국판매자로 한국이커머스에 훨씬 유리한 조건으로 판매하는 방법 | M10: 확인완료
A11: 7 | B11: =IFERROR(__xludf.DUMMYFUNCTION("""COMPUTED_VALUE"""),45749.648363182874) -> 45749.648 | C11: =IFERROR(__xludf.DUMMYFUNCTION("""COMPUTED_VALUE"""),"") | D11: =IFERROR(__xludf.DUMMYFUNCTION("""COMPUTED_VALUE"""),"김태현") -> 김태현 | E11: =IFERROR(__xludf.DUMMYFUNCTION("""COMPUTED_VALUE"""),"TAE") -> TAE | F11: =IFERROR(__xludf.DUMMYFUNCTION("""COMPUTED_VALUE"""),"01073438569") -> 01073438569 | G11: =IFERROR(__xludf.DUMMYFUNCTION("""COMPUTED_VALUE"""),"명품사업 창업관련으로 일대일 또는 일대다 강의 진행") -> 명품사업 창업관련으로 일대일 또는 일대다 강의 진행 | H11: =IFERROR(__xludf.DUMMYFUNCTION("""COMPUTED_VALUE"""),"명품판매를 통한 안정적 자동화 창/부업") -> 명품판매를 통한 안정적 자동화 창/부업 | I11: =IFERROR(__xludf.DUMMYFUNCTION("""COMPUTED_VALUE"""),"핏크닉에서 진행하는 여러 강의들을 듣고 있습니다. 저희가 내부적으로 진행하고 있는 명품 사업들이 여러 성과를 내고 있는데 관련된 노하우를 나눔으로써 명품 아이템을 활용한 셀러들을 양성하고, 부업 형태로 사업에 참여만 해도 월에 정기적인 수익을 얻을 수 있는 것들을 소개하고자합니다.") -> 핏크닉에서 진행하는 여러 강의들을 듣고 있습니다. 저희가 내부적으로 진행하고 있는 명품 사업들이 여러 성과를 내고 있는데 관련된 노하우를 나눔으로써 명품 아이템을 활용한 셀러들을 양성하고, 부업 형태로 사업에 참여만 해도 월에 정기적인 수익을 얻을 수 있는 것들을 소개하고자합니다. | J11: =IFERROR(__xludf.DUMMYFUNCTION("""COMPUTED_VALUE"""),"이커머스 시장에 총 16년 경력으로, 명품아이템을 통한 이커머스는 14년이상입니다. 현재 자제적으로 명품 렌탈/판매 사업을 8년째 운영중이고, 연평균 명품렌탈 매출은 4억원대이며 명품커머스 거래액 80억 규모와 비슷합니다.") -> 이커머스 시장에 총 16년 경력으로, 명품아이템을 통한 이커머스는 14년이상입니다. 현재 자제적으로 명품 렌탈/판매 사업을 8년째 운영중이고, 연평균 명품렌탈 매출은 4억원대이며 명품커머스 거래액 80억 규모와 비슷합니다. | K11: =IFERROR(__xludf.DUMMYFUNCTION("""COMPUTED_VALUE"""),"렌탈 사업 매출 3200만원(수익 1300만원) 명품 판매 매출 4300만원(수익 1548만원) 3개월 기준") -> 렌탈 사업 매출 3200만원(수익 1300만원) 명품 판매 매출 4300만원(수익 1548만원) 3개월 기준 | L11: =IFERROR(__xludf.DUMMYFUNCTION("""COMPUTED_VALUE"""),"명품 창/부업을 통해 매월 소량 판매와 관리만으로 300만원 이상의 수익") -> 명품 창/부업을 통해 매월 소량 판매와 관리만으로 300만원 이상의 수익 | M11: 확인완료
A12: 8 | B12: =IFERROR(__xludf.DUMMYFUNCTION("""COMPUTED_VALUE"""),45751.868371550925) -> 45751.868 | C12: =IFERROR(__xludf.DUMMYFUNCTION("""COMPUTED_VALUE"""),"") | D12: =IFERROR(__xludf.DUMMYFUNCTION("""COMPUTED_VALUE"""),"전병호") -> 전병호 | E12: =IFERROR(__xludf.DUMMYFUNCTION("""COMPUTED_VALUE"""),"건강셀러") -> 건강셀러 | F12: =IFERROR(__xludf.DUMMYFUNCTION("""COMPUTED_VALUE"""),"010-2935-1646") -> 010-2935-1646 | G12: =IFERROR(__xludf.DUMMYFUNCTION("""COMPUTED_VALUE"""),"지금은 사라진 트렌드헌터와 강의 및 컨설팅 진행") -> 지금은 사라진 트렌드헌터와 강의 및 컨설팅 진행 | H12: =IFERROR(__xludf.DUMMYFUNCTION("""COMPUTED_VALUE"""),"1. 초보자도 가능한 건강식품으로 쿠팡 월매출 천만원 보장반") -> 1. 초보자도 가능한 건강식품으로 쿠팡 월매출 천만원 보장반 | I12: =IFERROR(__xludf.DUMMYFUNCTION("""COMPUTED_VALUE"""),"지분 매각 후 제2의 인생을 강사로서 활동을 하기 위하여 지원하게 되었습니다.") -> 지분 매각 후 제2의 인생을 강사로서 활동을 하기 위하여 지원하게 되었습니다. | J12: =IFERROR(__xludf.DUMMYFUNCTION("""COMPUTED_VALUE"""),"건기식 브랜드 연매출 500억 창업 멤버(직원수 50명)") -> 건기식 브랜드 연매출 500억 창업 멤버(직원수 50명) | K12: =IFERROR(__xludf.DUMMYFUNCTION("""COMPUTED_VALUE"""),"1. 자사몰 월매출 1억 돌파 2. 쿠팡 월매출 3천만원 돌파") -> 1. 자사몰 월매출 1억 돌파 2. 쿠팡 월매출 3천만원 돌파 | L12: =IFERROR(__xludf.DUMMYFUNCTION("""COMPUTED_VALUE"""),"건강식품으로 쿠팡 월매출 천만원 보장반") -> 건강식품으로 쿠팡 월매출 천만원 보장반 | M12: 확인완료
A13: 9 | B13: =IFERROR(__xludf.DUMMYFUNCTION("""COMPUTED_VALUE"""),45792.58389982639) -> 45792.584 | C13: =IFERROR(__xludf.DUMMYFUNCTION("""COMPUTED_VALUE"""),"") | D13: =IFERROR(__xludf.DUMMYFUNCTION("""COMPUTED_VALUE"""),"김상준") -> 김상준 | E13: =IFERROR(__xludf.DUMMYFUNCTION("""COMPUTED_VALUE"""),"대장TV") -> 대장TV | F13: =IFERROR(__xludf.DUMMYFUNCTION("""COMPUTED_VALUE"""),"010-7767-9708") -> 010-7767-9708 | G13: =IFERROR(__xludf.DUMMYFUNCTION("""COMPUTED_VALUE"""),"https://cafe.naver.com/mkjournal") -> https://cafe.naver.com/mkjournal | H13: =IFERROR(__xludf.DUMMYFUNCTION("""COMPUTED_VALUE"""),"부동산 경매를 통해 돈을 버는 방법") -> 부동산 경매를 통해 돈을 버는 방법 | I13: =IFERROR(__xludf.DUMMYFUNCTION("""COMPUTED_VALUE"""),"다양한 매체를 통해 정보 전달을 위해") -> 다양한 매체를 통해 정보 전달을 위해 | J13: =IFERROR(__xludf.DUMMYFUNCTION("""COMPUTED_VALUE"""),"유튜브 33만 구독자") -> 유튜브 33만 구독자 | K13: =IFERROR(__xludf.DUMMYFUNCTION("""COMPUTED_VALUE"""),"부동산 경매를 통해 시세 차익~디벨롭") -> 부동산 경매를 통해 시세 차익~디벨롭 | L13: =IFERROR(__xludf.DUMMYFUNCTION("""COMPUTED_VALUE"""),"경매를 통해, 시세보다 저렴하게 부동산 구입") -> 경매를 통해, 시세보다 저렴하게 부동산 구입 | M13: 확인완료
A14: 10 | B14: =IFERROR(__xludf.DUMMYFUNCTION("""COMPUTED_VALUE"""),45792.68390833333) -> 45792.684 | C14: =IFERROR(__xludf.DUMMYFUNCTION("""COMPUTED_VALUE"""),"") | D14: =IFERROR(__xludf.DUMMYFUNCTION("""COMPUTED_VALUE"""),"박건주") -> 박건주 | E14: =IFERROR(__xludf.DUMMYFUNCTION("""COMPUTED_VALUE"""),"150스튜디오") -> 150스튜디오 | F14: =IFERROR(__xludf.DUMMYFUNCTION("""COMPUTED_VALUE"""),"01056554017") -> 01056554017 | G14: =IFERROR(__xludf.DUMMYFUNCTION("""COMPUTED_VALUE"""),"https://www.taling.me/talent/17095") -> https://www.taling.me/talent/17095 | H14: =IFERROR(__xludf.DUMMYFUNCTION("""COMPUTED_VALUE"""),"B2B렌탈스튜디오로 자동화 수익 방법") -> B2B렌탈스튜디오로 자동화 수익 방법 | I14: =IFERROR(__xludf.DUMMYFUNCTION("""COMPUTED_VALUE"""),"대기업 다니다가 에어비앤비와 렌탈스튜디오를 운영하여 퇴사한 스토리와 강의를 잘 할 수 있으며 현재 공간사업에 소개가 안 되고 있는 b2b렌탈스튜디오 콘텐츠를 직접 운영하여 수익을 올리고 있습니다. ") -> 대기업 다니다가 에어비앤비와 렌탈스튜디오를 운영하여 퇴사한 스토리와 강의를 잘 할 수 있으며 현재 공간사업에 소개가 안 되고 있는 b2b렌탈스튜디오 콘텐츠를 직접 운영하여 수익을 올리고 있습니다. | J14: =IFERROR(__xludf.DUMMYFUNCTION("""COMPUTED_VALUE"""),"최근 50평 스튜디오 오픈후(24년 7월 오픈), 7개월만에 1억 매출달성") -> 최근 50평 스튜디오 오픈후(24년 7월 오픈), 7개월만에 1억 매출달성 | K14: =IFERROR(__xludf.DUMMYFUNCTION("""COMPUTED_VALUE"""),"해당 주제로 강의 시작전이며, 스튜디오 방문해서 창업컨설팅 받고, 인테리어공사도 함께 완료함.(2025년 5월 오픈, 버치하우스 렌탈스튜디오)") -> 해당 주제로 강의 시작전이며, 스튜디오 방문해서 창업컨설팅 받고, 인테리어공사도 함께 완료함.(2025년 5월 오픈, 버치하우스 렌탈스튜디오) | L14: =IFERROR(__xludf.DUMMYFUNCTION("""COMPUTED_VALUE"""),"렌탈스튜디오 운영을 통해 월300만원 자동화 수익") -> 렌탈스튜디오 운영을 통해 월300만원 자동화 수익 | M14: 확인완료
A15: 11 | B15: =IFERROR(__xludf.DUMMYFUNCTION("""COMPUTED_VALUE"""),45794.14107053241) -> 45794.141 | C15: =IFERROR(__xludf.DUMMYFUNCTION("""COMPUTED_VALUE"""),"") | D15: =IFERROR(__xludf.DUMMYFUNCTION("""COMPUTED_VALUE"""),"김현진 ") -> 김현진 | E15: =IFERROR(__xludf.DUMMYFUNCTION("""COMPUTED_VALUE"""),"김센세") -> 김센세 | F15: =IFERROR(__xludf.DUMMYFUNCTION("""COMPUTED_VALUE"""),"01020558250") -> 01020558250 | G15: =IFERROR(__xludf.DUMMYFUNCTION("""COMPUTED_VALUE"""),"있음(""있음""을 체크하셨다면, 기타에 강의를 진행하고 계신 사이트의 링크 넣어주세요)") -> 있음("있음"을 체크하셨다면, 기타에 강의를 진행하고 계신 사이트의 링크 넣어주세요) | H15: =IFERROR(__xludf.DUMMYFUNCTION("""COMPUTED_VALUE"""),"무자본 인수합병 방법") -> 무자본 인수합병 방법 | I15: =IFERROR(__xludf.DUMMYFUNCTION("""COMPUTED_VALUE"""),"이론과 실전과 내공과 연륜과 업력과 성과를 겸비하였습니다.") -> 이론과 실전과 내공과 연륜과 업력과 성과를 겸비하였습니다. | J15: =IFERROR(__xludf.DUMMYFUNCTION("""COMPUTED_VALUE"""),"1년 만에 15개 헬스장 인수합병") -> 1년 만에 15개 헬스장 인수합병 | K15: =IFERROR(__xludf.DUMMYFUNCTION("""COMPUTED_VALUE"""),"무자본창업 위탁운영") -> 무자본창업 위탁운영 | L15: =IFERROR(__xludf.DUMMYFUNCTION("""COMPUTED_VALUE"""),"무자본 창업 가능") -> 무자본 창업 가능 | M15: 확인완료
A16: 12 | B16: =IFERROR(__xludf.DUMMYFUNCTION("""COMPUTED_VALUE"""),45796.697007916664) -> 45796.697 | C16: =IFERROR(__xludf.DUMMYFUNCTION("""COMPUTED_VALUE"""),"") | D16: =IFERROR(__xludf.DUMMYFUNCTION("""COMPUTED_VALUE"""),"윤재철") -> 윤재철 | E16: =IFERROR(__xludf.DUMMYFUNCTION("""COMPUTED_VALUE"""),"철대표") -> 철대표 | F16: =IFERROR(__xludf.DUMMYFUNCTION("""COMPUTED_VALUE"""),"010-9159-2703") -> 010-9159-2703 | G16: =IFERROR(__xludf.DUMMYFUNCTION("""COMPUTED_VALUE"""),"https://cafe.naver.com/f-e/cafes/31261568/articles/124?boardtype=L&menuid=3&referrerAllArticles=false , https://cafe.naver.com/f-e/cafes/10737967/articles/12693?boardtype=L&menuid=441&referrerAllArticles=false 2곳에서 모집진행중입니다 ") -> https://cafe.naver.com/f-e/cafes/31261568/articles/124?boardtype=L&menuid=3&referrerAllArticles=false , https://cafe.naver.com/f-e/cafes/10737967/articles/12693?boardtype=L&menuid=441&referrerAllArticles=false 2곳에서 모집진행중입니다 | H16: =IFERROR(__xludf.DUMMYFUNCTION("""COMPUTED_VALUE"""),"쿠팡전문강의로서 부업을 원하는 직장인은 재고없는 노재고 사업과 무자본사업으로 리스크없이 부수입을 얻을수있고 고매출을 원하는 전업셀러에게는 다른강사에게는 없는 나만의 방식으로 고매출수강생을 배출할수 있습니다") -> 쿠팡전문강의로서 부업을 원하는 직장인은 재고없는 노재고 사업과 무자본사업으로 리스크없이 부수입을 얻을수있고 고매출을 원하는 전업셀러에게는 다른강사에게는 없는 나만의 방식으로 고매출수강생을 배출할수 있습니다 | I16: =IFERROR(__xludf.DUMMYFUNCTION("""COMPUTED_VALUE"""),"지원한 동기 = 개인적인 홍보방법으로 수강생을 모집하는것을 벗어나 더욱더체계적인 마케팅과 시스템으로 많은수강생을 보유하고 있는 강의전문회사에서 강의를 해보고 싶어서 지원하게 되었습니다 현재 쿠팡 로켓그로스 전문강사로써 현재 8기강의를 진행하고 있고 수강생을 100명이상 배출하였는데 핏크닉의 전문강의시스템을 도입하면 훨씬 많은 고매출의 수강생을 배출할수있는 시너지가 생길거라고 믿습니다 ") -> 지원한 동기 = 개인적인 홍보방법으로 수강생을 모집하는것을 벗어나 더욱더체계적인 마케팅과 시스템으로 많은수강생을 보유하고 있는 강의전문회사에서 강의를 해보고 싶어서 지원하게 되었습니다 현재 쿠팡 로켓그로스 전문강사로써 현재 8기강의를 진행하고 있고 수강생을 100명이상 배출하였는데 핏크닉의 전문강의시스템을 도입하면 훨씬 많은 고매출의 수강생을 배출할수있는 시너지가 생길거라고 믿습니다 | J16: =IFERROR(__xludf.DUMMYFUNCTION("""COMPUTED_VALUE"""),"강사본인의 경력 =월3억대매출 이번여름은 월4억대이상 매출예상 순마진 25프로 (성수기 4~8월 , 10~1월 기준 최근연매출 20억대이상이며 매출은 계속성장중)") -> 강사본인의 경력 =월3억대매출 이번여름은 월4억대이상 매출예상 순마진 25프로 (성수기 4~8월 , 10~1월 기준 최근연매출 20억대이상이며 매출은 계속성장중) | K16: =IFERROR(__xludf.DUMMYFUNCTION("""COMPUTED_VALUE"""),"쿠팡 로켓그로스 전문강사로써 현재 8기강의를 진행하고 있고 수강생을 100명이상 배출했습니다 월 억대이상의 수강생들도 10명이상, 월5천만이상 수강생 20~30명배출하여서 고매출수강생배출강사로 인지도를 얻고있습니다") -> 쿠팡 로켓그로스 전문강사로써 현재 8기강의를 진행하고 있고 수강생을 100명이상 배출했습니다 월 억대이상의 수강생들도 10명이상, 월5천만이상 수강생 20~30명배출하여서 고매출수강생배출강사로 인지도를 얻고있습니다 | L16: =IFERROR(__xludf.DUMMYFUNCTION("""COMPUTED_VALUE"""),"1 부업을 원하는 직장인은 재고없는 노재고 사업과 무자본사업으로 리스크없이 월300이상 부수입을 얻을수있고 고매출을 원하는 전업셀러에게는 다른강사에게는 없는 나만의 방식으로 억대이상의 고매출수강생을 배출할수 있습니다 ") -> 1 부업을 원하는 직장인은 재고없는 노재고 사업과 무자본사업으로 리스크없이 월300이상 부수입을 얻을수있고 고매출을 원하는 전업셀러에게는 다른강사에게는 없는 나만의 방식으로 억대이상의 고매출수강생을 배출할수 있습니다 | M16: 확인완료
A17: 13 | B17: =IFERROR(__xludf.DUMMYFUNCTION("""COMPUTED_VALUE"""),45797.48587159722) -> 45797.486 | C17: =IFERROR(__xludf.DUMMYFUNCTION("""COMPUTED_VALUE"""),"") | D17: =IFERROR(__xludf.DUMMYFUNCTION("""COMPUTED_VALUE"""),"김동훈") -> 김동훈 | E17: =IFERROR(__xludf.DUMMYFUNCTION("""COMPUTED_VALUE"""),"김동훈") -> 김동훈 | F17: =IFERROR(__xludf.DUMMYFUNCTION("""COMPUTED_VALUE"""),"010-9347-7264") -> 010-9347-7264 | G17: =IFERROR(__xludf.DUMMYFUNCTION("""COMPUTED_VALUE"""),"https://learningspoons.com/course/detail/health-free/") -> https://learningspoons.com/course/detail/health-free/ | H17: =IFERROR(__xludf.DUMMYFUNCTION("""COMPUTED_VALUE"""),"""남는재고까지 케어? 제조부터 재고 0개까지 보장락!"" 기존의 단순한 ‘소량 OEM 제조 강의’와는 차별화된 주제로 강의하려고 합니다. 16년간 건강식품(기능) 분야에서 쌓아온 노하우를 바탕으로, 제조부터 판매, 사후 재고 관리까지 실질적 강의 혜택을 제공하려고 합니다 -제조 전 과정 1:1 전문가 피드백 제공 -월 매출 9억 원 이상을 기록 중인 실도매몰 입점 기회 -남은 재고는 자사 재매입을 통한 ‘재고 리스크 제로 시스템’ 운영 많은 예비 "&"창업자들이 OEM 제조 후 마케팅 역량 부족, 경험 부족으로 인해 오히려 제품 제작 이전보다 더 큰 재고 부담과 경제적 손실을 겪고 있는것이 현실입니다 그래서 저희는 두루뭉실하게 '채팅으로 소통해준다' '소량제조해준다' 라고 하지 않습니다 온라인판매 부업에 있어서 가장 현실적인 문제인 재고문제까지 끝까지 함께 합니다. 자사 도매몰 입점을 통해 수백 명의 판매자들이 수강생 본인의 브랜드 제품을 함께 판매함으로써 단기간 매출 증대는 물론, 브랜딩 효과까지"&" 동반 상승시킬 수 있습니다 또한, 판매 후 재고가 일부 남더라도 자사가 직접 재고를 재매입함으로써 수강생의 부담을 원천 차단하며, 끝까지 책임지는 '사후관리'를 하고자합니다 그리고 타 강의와는 다르게, 건강식품뿐만 아니라 건강기능식품에 대해서도 최소 수량으로 소량 OEM을 진행할 수 있는 방법 및 마케팅을 강의하려고 합니다 트렌드에 맞는 원료 추천부터 건강기능식품 시장의 분석을 통해 적합한 원료를 제시하고, 분말, 타정, 액상형 등 다양한 제형의"&" 제품개발과 수강생이 원하는 원료들의 배합을 최상의컨디션으로 제작할 수 있도록 전 과정을 강사가 컨설팅 할 예정입니다. 소량oem 제조뿐만 아니라 초보자들, 온라인창업 경험이 있는 수강생분들도 어려워하는 건강기능식품 제조에 필요한 법적 절차와 상세페이지, 디자인관련 과대광고 제출 서류 등 수강생들의 브랜드를 쉽고 체계적으로 만들수 있도록 OEM 제조의 전 과정에 대해 깊이 있는 교육을 제공하고자 합니다. 16년간 판매자들에게 제공했던 정기적인 세미나"&", 오프라인&온라인 교육을 했던 경험을 토대로 기초적인 온라인창업 서류준비부터 건강식품 판매에 꼭 필요한 법적인 문제 및 해결방법, 광고세팅과정 및 상위노출을 위한 키워드 / 썸네일 / 상세페이지 / 상품명 등 매출을 위한 실전마케팅까지 수천,수억 매출을 내는 판매자들을 육성해왔던 엠에스굿포유 대표님이 직접 강의를 진행하려고 합니다.") -> "남는재고까지 케어? 제조부터 재고 0개까지 보장락!" 기존의 단순한 ‘소량 OEM 제조 강의’와는 차별화된 주제로 강의하려고 합니다. 16년간 건강식품(기능) 분야에서 쌓아온 노하우를 바탕으로, 제조부터 판매, 사후 재고 관리까지 실질적 강의 혜택을 제공하려고 합니다 -제조 전 과정 1:1 전문가 피드백 제공 -월 매출 9억 원 이상을 기록 중인 실도매몰 입점 기회 -남은 재고는 자사 재매입을 통한 ‘재고 리스크 제로 시스템’ 운영 많은 예비 창업자들이 OEM 제조 후 마케팅 역량 부족, 경험 부족으로 인해 오히려 제품 제작 이전보다 더 큰 재고 부담과 경제적 손실을 겪고 있는것이 현실입니다 그래서 저희는 두루뭉실하게 '채팅으로 소통해준다' '소량제조해준다' 라고 하지 않습니다 온라인판매 부업에 있어서 가장 현실적인 문제인 재고문제까지 끝까지 함께 합니다. 자사 도매몰 입점을 통해 수백 명의 판매자들이 수강생 본인의 브랜드 제품을 함께 판매함으로써 단기간 매출 증대는 물론, 브랜딩 효과까지 동반 상승시킬 수 있습니다 또한, 판매 후 재고가 일부 남더라도 자사가 직접 재고를 재매입함으로써 수강생의 부담을 원천 차단하며, 끝까지 책임지는 '사후관리'를 하고자합니다 그리고 타 강의와는 다르게, 건강식품뿐만 아니라 건강기능식품에 대해서도 최소 수량으로 소량 OEM을 진행할 수 있는 방법 및 마케팅을 강의하려고 합니다 트렌드에 맞는 원료 추천부터 건강기능식품 시장의 분석을 통해 적합한 원료를 제시하고, 분말, 타정, 액상형 등 다양한 제형의 제품개발과 수강생이 원하는 원료들의 배합을 최상의컨디션으로 제작할 수 있도록 전 과정을 강사가 컨설팅 할 예정입니다. 소량oem 제조뿐만 아니라 초보자들, 온라인창업 경험이 있는 수강생분들도 어려워하는 건강기능식품 제조에 필요한 법적 절차와 상세페이지, 디자인관련 과대광고 제출 서류 등 수강생들의 브랜드를 쉽고 체계적으로 만들수 있도록 OEM 제조의 전 과정에 대해 깊이 있는 교육을 제공하고자 합니다. 16년간 판매자들에게 제공했던 정기적인 세미나, 오프라인&온라인 교육을 했던 경험을 토대로 기초적인 온라인창업 서류준비부터 건강식품 판매에 꼭 필요한 법적인 문제 및 해결방법, 광고세팅과정 및 상위노출을 위한 키워드 / 썸네일 / 상세페이지 / 상품명 등 매출을 위한 실전마케팅까지 수천,수억 매출을 내는 판매자들을 육성해왔던 엠에스굿포유 대표님이 직접 강의를 진행하려고 합니다. | I17: =IFERROR(__xludf.DUMMYFUNCTION("""COMPUTED_VALUE"""),"업력 16년차로 약 2천명이 넘는 회원들을 직접 교육하고, 월 8억매출의 도매몰을 운영중입니다. 그 과정에서 ‘수백~수천 개 재고를 떠안은 채 OEM 제조를 진행했지만, 마케팅 부족과 경험 부족으로 온라인 시장에서 어려움을 겪는 수많은 초보 판매자들’을 직접 마주해왔습니다 그분들이 제조 이후 시장에 혼자 내몰려 피드백도, 조언도 없이 방황하는 현실을 보며, 실질적으로 ‘끝까지 책임지는 교육’을 제공해야겠다는 확신이 들었습니다. 그래서 재고와 비용 부"&"담 없이 자신의 브랜드를 안정적으로 런칭할 수 있도록 돕기 위해 지원하게 되었습니다. 온라인 판매 부업 시장의 가장 큰 문제는 기초·심화 교육의 부재와 재고에 대한 실질적 리스크입니다 일부 강의는 커리큘럼 이후 단톡방이나 메일 등 제한적인 방식으로만 소통하며, 정작 가장 현실적인 문제인 제조 후 재고 처리, 유통, 법적 대응에 대해서는 온전히 판매자 개인의 책임으로 돌아가는 것이 현재상황인것 같습니다. 하지만 저희는 oem제조는 끝이아닌 시작이라고 "&"생각합니다. 제조 이후부터가 본격적인 책임의 시작이라 생각하며 도매몰을 통한 제품판매기회와 함께 추후 남은 물량을 재사입함으로써 끝까지 사후관리까지 체계적으로 제공함으로써, 수강생이 처음부터 끝까지 실제로 제품을 만들고, 팔고, 성장할 수 있는 구조를 만들어드립니다. 이런 실전형 시스템이 저의 가장 큰 강점이며, 바로 이것이 제가 강사로 지원하게 된 가장 큰 계기입니다.") -> 업력 16년차로 약 2천명이 넘는 회원들을 직접 교육하고, 월 8억매출의 도매몰을 운영중입니다. 그 과정에서 ‘수백~수천 개 재고를 떠안은 채 OEM 제조를 진행했지만, 마케팅 부족과 경험 부족으로 온라인 시장에서 어려움을 겪는 수많은 초보 판매자들’을 직접 마주해왔습니다 그분들이 제조 이후 시장에 혼자 내몰려 피드백도, 조언도 없이 방황하는 현실을 보며, 실질적으로 ‘끝까지 책임지는 교육’을 제공해야겠다는 확신이 들었습니다. 그래서 재고와 비용 부담 없이 자신의 브랜드를 안정적으로 런칭할 수 있도록 돕기 위해 지원하게 되었습니다. 온라인 판매 부업 시장의 가장 큰 문제는 기초·심화 교육의 부재와 재고에 대한 실질적 리스크입니다 일부 강의는 커리큘럼 이후 단톡방이나 메일 등 제한적인 방식으로만 소통하며, 정작 가장 현실적인 문제인 제조 후 재고 처리, 유통, 법적 대응에 대해서는 온전히 판매자 개인의 책임으로 돌아가는 것이 현재상황인것 같습니다. 하지만 저희는 oem제조는 끝이아닌 시작이라고 생각합니다. 제조 이후부터가 본격적인 책임의 시작이라 생각하며 도매몰을 통한 제품판매기회와 함께 추후 남은 물량을 재사입함으로써 끝까지 사후관리까지 체계적으로 제공함으로써, 수강생이 처음부터 끝까지 실제로 제품을 만들고, 팔고, 성장할 수 있는 구조를 만들어드립니다. 이런 실전형 시스템이 저의 가장 큰 강점이며, 바로 이것이 제가 강사로 지원하게 된 가장 큰 계기입니다. | J17: =IFERROR(__xludf.DUMMYFUNCTION("""COMPUTED_VALUE"""),"저희는 건강식품 도매몰을 통해 위탁 및 oem을 진행하고 있습니다. 현재기준 최대 연매출: 90억 최대 월매출: 9억 현재 월매출: 8억 그리고 직접 컨설팅했던 판매자분들 매출은 아래와 같습니다. 판매자1: 24년 10.18 ~ 11.17일 기준 - 약 1억 5천만원 판매자2: 25년 1월기준 - 약 1억 9천 / 2월기준 - 약 2억 4천 판매자3: 25년 2월 기준 - 약 1억 판매자4: 24년 1월 기준 - 약 1억") -> 저희는 건강식품 도매몰을 통해 위탁 및 oem을 진행하고 있습니다. 현재기준 최대 연매출: 90억 최대 월매출: 9억 현재 월매출: 8억 그리고 직접 컨설팅했던 판매자분들 매출은 아래와 같습니다. 판매자1: 24년 10.18 ~ 11.17일 기준 - 약 1억 5천만원 판매자2: 25년 1월기준 - 약 1억 9천 / 2월기준 - 약 2억 4천 판매자3: 25년 2월 기준 - 약 1억 판매자4: 24년 1월 기준 - 약 1억 | K17: =IFERROR(__xludf.DUMMYFUNCTION("""COMPUTED_VALUE"""),"판매자1: 24년 10.18 ~ 11.17일 기준 - 약 1억 5천만원 판매자2: 25년 1월기준 - 약 1억 9천 / 2월기준 - 약 2억 4천 판매자3: 25년 2월 기준 - 약 1억 판매자4: 24년 1월 기준 - 약 1억") -> 판매자1: 24년 10.18 ~ 11.17일 기준 - 약 1억 5천만원 판매자2: 25년 1월기준 - 약 1억 9천 / 2월기준 - 약 2억 4천 판매자3: 25년 2월 기준 - 약 1억 판매자4: 24년 1월 기준 - 약 1억 | L17: =IFERROR(__xludf.DUMMYFUNCTION("""COMPUTED_VALUE"""),"수강생은 단순히 OEM 제조 방법이나 이론 지식이 아닌, 실제로 제품을 만들고, 유통시키고, 수익을 창출하는 전 과정을 경험할 수 있습니다 1. 소량 OEM으로 자신만의 브랜드 제품을 직접 출시하게 되며, 단순 제작에 그치지 않고 실제 도매몰에 입점하여 판매까지 연결됩니다 2. 재고 리스크 없는 안심 구조로 제품이 남더라도 자사 도매몰에서 재사입 시스템을 운영하여, 초보자들이 가장 두려워하는 ‘재고 부담’ 없이 안정적으로 사업을 시작할 수 있습니다 3"&". 1:1 맞춤 피드백과 실전 중심 교육 제조 전 단계부터 전문가의 개별 피드백을 받을 수 있습니다 저희는 제조 이후까지 책임지는 '사후관리형 교육' 입니다 강의 이후에도 단순한 소통이 아닌, 실질적인 판매 기회 제공과 운영 지원을 통해 ‘제조만 해놓고 끝나는 강의’와는 다른 진짜 창업 경험을 제공합니다 이 강의를 수강한 분들은 단순한 지식 전달이 아닌, 경쟁력 있는 판매자로서 온라인창업과 마케팅까지 온라인 관련 정보를 함께 얻을 수 있어, 건강식품"&" 뿐만 아니라 다른 카테고리의 상품들에게 적용하여 추가적인 수입을 얻을 수 있습니다") -> 수강생은 단순히 OEM 제조 방법이나 이론 지식이 아닌, 실제로 제품을 만들고, 유통시키고, 수익을 창출하는 전 과정을 경험할 수 있습니다 1. 소량 OEM으로 자신만의 브랜드 제품을 직접 출시하게 되며, 단순 제작에 그치지 않고 실제 도매몰에 입점하여 판매까지 연결됩니다 2. 재고 리스크 없는 안심 구조로 제품이 남더라도 자사 도매몰에서 재사입 시스템을 운영하여, 초보자들이 가장 두려워하는 ‘재고 부담’ 없이 안정적으로 사업을 시작할 수 있습니다 3. 1:1 맞춤 피드백과 실전 중심 교육 제조 전 단계부터 전문가의 개별 피드백을 받을 수 있습니다 저희는 제조 이후까지 책임지는 '사후관리형 교육' 입니다 강의 이후에도 단순한 소통이 아닌, 실질적인 판매 기회 제공과 운영 지원을 통해 ‘제조만 해놓고 끝나는 강의’와는 다른 진짜 창업 경험을 제공합니다 이 강의를 수강한 분들은 단순한 지식 전달이 아닌, 경쟁력 있는 판매자로서 온라인창업과 마케팅까지 온라인 관련 정보를 함께 얻을 수 있어, 건강식품 뿐만 아니라 다른 카테고리의 상품들에게 적용하여 추가적인 수입을 얻을 수 있습니다 | M17: 확인완료
A18: 14 | B18: =IFERROR(__xludf.DUMMYFUNCTION("""COMPUTED_VALUE"""),45798.693734050925) -> 45798.694 | C18: =IFERROR(__xludf.DUMMYFUNCTION("""COMPUTED_VALUE"""),"") | D18: =IFERROR(__xludf.DUMMYFUNCTION("""COMPUTED_VALUE"""),"이정빈") -> 이정빈 | E18: =IFERROR(__xludf.DUMMYFUNCTION("""COMPUTED_VALUE"""),"투잡사장") -> 투잡사장 | F18: =IFERROR(__xludf.DUMMYFUNCTION("""COMPUTED_VALUE"""),"010-8419-6119") -> 010-8419-6119 | G18: =IFERROR(__xludf.DUMMYFUNCTION("""COMPUTED_VALUE"""),"오프라인 기반의 입시 영어 강사로 4년간 정규직 근무 경험이 있으며, 중·고등부 학생 최대 70명까지 관리를 맡으며 책임감 있게 강의했습니다. 수업력에 대한 학부모 평이 지역 맘카페를 통해 입소문이 나면서, 타 지역에서 일부러 찾아오시는 수강생도 많았습니다. 판서법, 커리큘럼 구성, 강의 스킬 등 다양한 역량을 체계화하기 위해 스스로 학습하며 일타 강사의 강의 스타일을 반복 분석했고, 이를 통해 제 스타일을 정립해나갔습니다. 비록 온라인 강의 경력은 없"&"으나, 내가 가장 잘 아는 분야를 구조화하여 전달하는 데에 있어 강한 자신이 있으며, 학습자에게 실질적인 변화와 성과를 이끌어내는 것에 사명감을 갖고 임해 왔습니다.") -> 오프라인 기반의 입시 영어 강사로 4년간 정규직 근무 경험이 있으며, 중·고등부 학생 최대 70명까지 관리를 맡으며 책임감 있게 강의했습니다. 수업력에 대한 학부모 평이 지역 맘카페를 통해 입소문이 나면서, 타 지역에서 일부러 찾아오시는 수강생도 많았습니다. 판서법, 커리큘럼 구성, 강의 스킬 등 다양한 역량을 체계화하기 위해 스스로 학습하며 일타 강사의 강의 스타일을 반복 분석했고, 이를 통해 제 스타일을 정립해나갔습니다. 비록 온라인 강의 경력은 없으나, 내가 가장 잘 아는 분야를 구조화하여 전달하는 데에 있어 강한 자신이 있으며, 학습자에게 실질적인 변화와 성과를 이끌어내는 것에 사명감을 갖고 임해 왔습니다. | H18: =IFERROR(__xludf.DUMMYFUNCTION("""COMPUTED_VALUE"""),"하루 3시간, 의류 자사몰 수익화 방법 / 플랫폼 의존 X, 내 브랜드로 수익화 바로 내는 방법 ") -> 하루 3시간, 의류 자사몰 수익화 방법 / 플랫폼 의존 X, 내 브랜드로 수익화 바로 내는 방법 | I18: =IFERROR(__xludf.DUMMYFUNCTION("""COMPUTED_VALUE"""),"3년간 본업과 병행하다 사업 규모가 커져 2024년 10월 퇴사했습니다. 퇴사 후에도 '사람 대 사람으로 무언가를 가르치는 일’이 저에게 진짜 보람과 재미를 준다는 사실이었습니다, 강사 일을 다시 하고 싶다는 확신이 생겼습니다. https://foggy-fossa-2f5.notion.site/1f50129457f680839f9ceb975c973626 보내드리는 링크는 직접 작성한 글로 강의 지원자를 모집하며 퍼스널 브랜딩을 시작했으며, 3명의 지원자를"&" 받았으나 진행 여부는 제가 아직 미정입니다. 제자들이 좋은 결과를 얻으려면 가르치는 내용이 확실해야 한다고 생각해, 2024년 3월 말 오픈한 여성 의류 쇼핑몰에서 1달 만에 매출 1.5억, 순수익 25%를 달성(반품고려x)하며 전략의 효과를 검증했습니다. 지원한 동기는 입시강사 시절 한 원장님의 조언 때문입니다. “더 많은 인원을 가르치고 성장하려면, 도전일지라도 너를 받쳐 줄 수 있는 큰 곳에서 시작해야 한다”는 말이 시간이 지날수록 깊이 와 "&"닿아 지원하게 되었습니다. 긴 글 읽어주셔서 감사드립니다.") -> 3년간 본업과 병행하다 사업 규모가 커져 2024년 10월 퇴사했습니다. 퇴사 후에도 '사람 대 사람으로 무언가를 가르치는 일’이 저에게 진짜 보람과 재미를 준다는 사실이었습니다, 강사 일을 다시 하고 싶다는 확신이 생겼습니다. https://foggy-fossa-2f5.notion.site/1f50129457f680839f9ceb975c973626 보내드리는 링크는 직접 작성한 글로 강의 지원자를 모집하며 퍼스널 브랜딩을 시작했으며, 3명의 지원자를 받았으나 진행 여부는 제가 아직 미정입니다. 제자들이 좋은 결과를 얻으려면 가르치는 내용이 확실해야 한다고 생각해, 2024년 3월 말 오픈한 여성 의류 쇼핑몰에서 1달 만에 매출 1.5억, 순수익 25%를 달성(반품고려x)하며 전략의 효과를 검증했습니다. 지원한 동기는 입시강사 시절 한 원장님의 조언 때문입니다. “더 많은 인원을 가르치고 성장하려면, 도전일지라도 너를 받쳐 줄 수 있는 큰 곳에서 시작해야 한다”는 말이 시간이 지날수록 깊이 와 닿아 지원하게 되었습니다. 긴 글 읽어주셔서 감사드립니다. | J18: =IFERROR(__xludf.DUMMYFUNCTION("""COMPUTED_VALUE"""),"현재 카페24 기반 자사몰 및 버티컬 커머스를 통해 남성·여성 의류 브랜드 2개를 동시에 운영 중입니다. 남성의류몰: https://fitonyou.kr (1명과 동업) 여성의류몰: https://velina.co.kr (개인) 얼굴 노출 없이도 시작 가능한 구조, 특별한 체형이나 몸매를 요구하지 않는 모델링 방식 등을 기반으로, 하루 3-4시간의 운영 시간만으로도 효율적인 시스템을 구축해 두었습니다. 두 브랜드의 자사몰 및 버티컬 커머스를 합산한 "&"최근 7일간의 일평균 매출은 약 1,500만 원 수준입니다. 자사몰 기준: 일 매출 약 1,200만 원 버티컬몰 기준: 일 매출 약 300만 원 반품률을 제외하지 않았을 경우에도 총 순수익률은 약 20~25% 수준이며, 이는 광고비, 세금, 물류비, 월세 등 모든 고정·변동 지출을 고려한 실질 수익 기준입니다.") -> 현재 카페24 기반 자사몰 및 버티컬 커머스를 통해 남성·여성 의류 브랜드 2개를 동시에 운영 중입니다. 남성의류몰: https://fitonyou.kr (1명과 동업) 여성의류몰: https://velina.co.kr (개인) 얼굴 노출 없이도 시작 가능한 구조, 특별한 체형이나 몸매를 요구하지 않는 모델링 방식 등을 기반으로, 하루 3-4시간의 운영 시간만으로도 효율적인 시스템을 구축해 두었습니다. 두 브랜드의 자사몰 및 버티컬 커머스를 합산한 최근 7일간의 일평균 매출은 약 1,500만 원 수준입니다. 자사몰 기준: 일 매출 약 1,200만 원 버티컬몰 기준: 일 매출 약 300만 원 반품률을 제외하지 않았을 경우에도 총 순수익률은 약 20~25% 수준이며, 이는 광고비, 세금, 물류비, 월세 등 모든 고정·변동 지출을 고려한 실질 수익 기준입니다. | K18: =IFERROR(__xludf.DUMMYFUNCTION("""COMPUTED_VALUE"""),"강의가 하고싶어 수강생을 모집하려 했으나 시작한지 얼마 안된 퍼스널브랜딩으로 신뢰도가 없어 많은 지원자를 모집을 못해 제가 직접 스스로 테스트를 해볼겸 지난달 여성의류를 홀로 시작했습니다. https://foggy-fossa-2f5.notion.site/1f50129457f680839f9ceb975c973626 보내드리는 링크는 직접 작성한 글로 강의 지원자를 모집하며 퍼스널 브랜딩을 시작했으며, 3명의 지원자를 받았으나 진행 여부는 제가 아직 미정입니"&"다. 제자들이 좋은 결과를 얻으려면 가르치는 내용이 확실해야 한다고 생각해, 2025년 3월 말 오픈한 여성 의류 쇼핑몰에서 1달 만에 매출 1.5억, 순수익 25%를 달성(반품고려x)하며 전략의 효과를 검증했습니다.") -> 강의가 하고싶어 수강생을 모집하려 했으나 시작한지 얼마 안된 퍼스널브랜딩으로 신뢰도가 없어 많은 지원자를 모집을 못해 제가 직접 스스로 테스트를 해볼겸 지난달 여성의류를 홀로 시작했습니다. https://foggy-fossa-2f5.notion.site/1f50129457f680839f9ceb975c973626 보내드리는 링크는 직접 작성한 글로 강의 지원자를 모집하며 퍼스널 브랜딩을 시작했으며, 3명의 지원자를 받았으나 진행 여부는 제가 아직 미정입니다. 제자들이 좋은 결과를 얻으려면 가르치는 내용이 확실해야 한다고 생각해, 2025년 3월 말 오픈한 여성 의류 쇼핑몰에서 1달 만에 매출 1.5억, 순수익 25%를 달성(반품고려x)하며 전략의 효과를 검증했습니다. | L18: =IFERROR(__xludf.DUMMYFUNCTION("""COMPUTED_VALUE"""),"자사몰로 수익화 하는방법/ 메타, 틱톡 광고 설치 및 운영법(의류에선 블루오션 이라 생각합니다) / 잘 팔리는 의류 숏폼 촬영법 (얼굴 노출X, 화려한 편집 스킬 X) / 부업으로 최소 200~@ 정도의 순이익 , 전업 전환 시 최소 600~@ 정도의 순이익 예상 / 의류쇼핑몰 옷 1벌 포장하지 않고 물류 자동화 하는 방법 / 가장 빠르게 돈 벌 수 있는 방법") -> 자사몰로 수익화 하는방법/ 메타, 틱톡 광고 설치 및 운영법(의류에선 블루오션 이라 생각합니다) / 잘 팔리는 의류 숏폼 촬영법 (얼굴 노출X, 화려한 편집 스킬 X) / 부업으로 최소 200~@ 정도의 순이익 , 전업 전환 시 최소 600~@ 정도의 순이익 예상 / 의류쇼핑몰 옷 1벌 포장하지 않고 물류 자동화 하는 방법 / 가장 빠르게 돈 벌 수 있는 방법 | M18: 확인완료
A19: 15 | B19: =IFERROR(__xludf.DUMMYFUNCTION("""COMPUTED_VALUE"""),45806.69459778935) -> 45806.695 | C19: =IFERROR(__xludf.DUMMYFUNCTION("""COMPUTED_VALUE"""),"") | D19: =IFERROR(__xludf.DUMMYFUNCTION("""COMPUTED_VALUE"""),"김동철") -> 김동철 | E19: =IFERROR(__xludf.DUMMYFUNCTION("""COMPUTED_VALUE"""),"캡틴김") -> 캡틴김 | F19: =IFERROR(__xludf.DUMMYFUNCTION("""COMPUTED_VALUE"""),"010-3160-2220") -> 010-3160-2220 | G19: =IFERROR(__xludf.DUMMYFUNCTION("""COMPUTED_VALUE"""),"https://www.pandaedu.kr/course/course_list.jsp?cid=114216 (판다에듀)") -> https://www.pandaedu.kr/course/course_list.jsp?cid=114216 (판다에듀) | H19: =IFERROR(__xludf.DUMMYFUNCTION("""COMPUTED_VALUE"""),"부동산 경매를 통해 장,단기 매도를 통해 수익 극대화하는 방법") -> 부동산 경매를 통해 장,단기 매도를 통해 수익 극대화하는 방법 | I19: =IFERROR(__xludf.DUMMYFUNCTION("""COMPUTED_VALUE"""),"많은 강의를 하고, 수강생을 배출하면서 강의력과 실행력을 겸비했고, 실전투자자로써 현재도 왕성하게 활동하고 있습니다. 핏크닉과 함께하면 큰 시너지를 만들 수 있을 듯해서 지원합니다 ") -> 많은 강의를 하고, 수강생을 배출하면서 강의력과 실행력을 겸비했고, 실전투자자로써 현재도 왕성하게 활동하고 있습니다. 핏크닉과 함께하면 큰 시너지를 만들 수 있을 듯해서 지원합니다 | J19: =IFERROR(__xludf.DUMMYFUNCTION("""COMPUTED_VALUE"""),"부동산경매로 순자산 40억가량 달성") -> 부동산경매로 순자산 40억가량 달성 | K19: =IFERROR(__xludf.DUMMYFUNCTION("""COMPUTED_VALUE"""),"다수 수강생이 아파트 매도차익 2천만원이상 달성, 건물 낙찰 후 건물주 목표 달성") -> 다수 수강생이 아파트 매도차익 2천만원이상 달성, 건물 낙찰 후 건물주 목표 달성 | L19: =IFERROR(__xludf.DUMMYFUNCTION("""COMPUTED_VALUE"""),"부동산을 저렴하게 취득하므로써, 안전마진을 확보하고 안정적인 수익을 창출하는 기술을 습득할 수 있도록 합니다 ") -> 부동산을 저렴하게 취득하므로써, 안전마진을 확보하고 안정적인 수익을 창출하는 기술을 습득할 수 있도록 합니다 | M19: 확인완료
A20: 16 | B20: =IFERROR(__xludf.DUMMYFUNCTION("""COMPUTED_VALUE"""),45806.75397755787) -> 45806.754 | C20: =IFERROR(__xludf.DUMMYFUNCTION("""COMPUTED_VALUE"""),"") | D20: =IFERROR(__xludf.DUMMYFUNCTION("""COMPUTED_VALUE"""),"김동권") -> 김동권 | E20: =IFERROR(__xludf.DUMMYFUNCTION("""COMPUTED_VALUE"""),"건물의신 ") -> 건물의신 | F20: =IFERROR(__xludf.DUMMYFUNCTION("""COMPUTED_VALUE"""),"01032667942") -> 01032667942 | G20: =IFERROR(__xludf.DUMMYFUNCTION("""COMPUTED_VALUE"""),"있음(""있음""을 체크하셨다면, 기타에 강의를 진행하고 계신 사이트의 링크 넣어주세요)") -> 있음("있음"을 체크하셨다면, 기타에 강의를 진행하고 계신 사이트의 링크 넣어주세요) | H20: =IFERROR(__xludf.DUMMYFUNCTION("""COMPUTED_VALUE"""),"1. 부동산경매 숙박업 다가구 아파트 입니다 , 2번 에어비엔비 삼삼엠투 숙박업관련 ") -> 1. 부동산경매 숙박업 다가구 아파트 입니다 , 2번 에어비엔비 삼삼엠투 숙박업관련 | I20: =IFERROR(__xludf.DUMMYFUNCTION("""COMPUTED_VALUE"""),"네 지인들 추천및 소개입니다 ") -> 네 지인들 추천및 소개입니다 | J20: =IFERROR(__xludf.DUMMYFUNCTION("""COMPUTED_VALUE"""),"부동산경매로 현금흐름2500만원 70개 50억 달성 ") -> 부동산경매로 현금흐름2500만원 70개 50억 달성 | K20: =IFERROR(__xludf.DUMMYFUNCTION("""COMPUTED_VALUE"""),"수강생 다수의 사례 들이있습니다 다가구및 아파트 사례들 ") -> 수강생 다수의 사례 들이있습니다 다가구및 아파트 사례들 | L20: =IFERROR(__xludf.DUMMYFUNCTION("""COMPUTED_VALUE"""),"경매를 통해 월세흐름 수강생들 300-400만원이상 발생 다수 ") -> 경매를 통해 월세흐름 수강생들 300-400만원이상 발생 다수 | M20: 확인완료
A21: 17 | B21: =IFERROR(__xludf.DUMMYFUNCTION("""COMPUTED_VALUE"""),45810.864103831016) -> 45810.864 | C21: =IFERROR(__xludf.DUMMYFUNCTION("""COMPUTED_VALUE"""),"") | D21: =IFERROR(__xludf.DUMMYFUNCTION("""COMPUTED_VALUE"""),"박다환") -> 박다환 | E21: =IFERROR(__xludf.DUMMYFUNCTION("""COMPUTED_VALUE"""),"그로앤브로") -> 그로앤브로 | F21: =IFERROR(__xludf.DUMMYFUNCTION("""COMPUTED_VALUE"""),"010-8725-3082") -> 010-8725-3082 | G21: =IFERROR(__xludf.DUMMYFUNCTION("""COMPUTED_VALUE"""),"오프라인 컨설팅으로 링크는 없습니다!") -> 오프라인 컨설팅으로 링크는 없습니다! | H21: =IFERROR(__xludf.DUMMYFUNCTION("""COMPUTED_VALUE"""),"구매대행+로켓그로스 AI 올인원 강의") -> 구매대행+로켓그로스 AI 올인원 강의 | I21: =IFERROR(__xludf.DUMMYFUNCTION("""COMPUTED_VALUE"""),"실제 현업에서 성과를 내고 있기 때문에 트렌드를 알고 잘 알려줄 수 있는게 가장 큰 장점이라 생각합니다") -> 실제 현업에서 성과를 내고 있기 때문에 트렌드를 알고 잘 알려줄 수 있는게 가장 큰 장점이라 생각합니다 | J21: =IFERROR(__xludf.DUMMYFUNCTION("""COMPUTED_VALUE"""),"25.05월 매출 약 9.1억, 25.06월 예상 매출 12-15억") -> 25.05월 매출 약 9.1억, 25.06월 예상 매출 12-15억 | L21: =IFERROR(__xludf.DUMMYFUNCTION("""COMPUTED_VALUE"""),"쿠팡 부업 또는 전업으로 월 100만원 이상 순이익 달성") -> 쿠팡 부업 또는 전업으로 월 100만원 이상 순이익 달성 | M21: 확인완료
A22: 18 | B22: =IFERROR(__xludf.DUMMYFUNCTION("""COMPUTED_VALUE"""),45832.71638574074) -> 45832.716 | C22: =IFERROR(__xludf.DUMMYFUNCTION("""COMPUTED_VALUE"""),"") | D22: =IFERROR(__xludf.DUMMYFUNCTION("""COMPUTED_VALUE"""),"주성민") -> 주성민 | E22: =IFERROR(__xludf.DUMMYFUNCTION("""COMPUTED_VALUE"""),"없습니다") -> 없습니다 | F22: =IFERROR(__xludf.DUMMYFUNCTION("""COMPUTED_VALUE"""),"01053867400") -> 01053867400 | G22: =IFERROR(__xludf.DUMMYFUNCTION("""COMPUTED_VALUE"""),"없음") -> 없음 | H22: =IFERROR(__xludf.DUMMYFUNCTION("""COMPUTED_VALUE"""),"설비,누수업자를 위한 마케팅 및 운영") -> 설비,누수업자를 위한 마케팅 및 운영 | I22: =IFERROR(__xludf.DUMMYFUNCTION("""COMPUTED_VALUE"""),"원래 핏크닉 무료 강의르 들으면서 몇번이나 강의를 살까 말까를 고민했습니다. 그만큼 퍼널마케팅을 잘하고 있다는 생각이 들었습니다. 저는 8년간 마케팅일을 했고 설비누수 마켕을 중점으로 일하고 20억이 넘는 매출을 내고 있습니다.") -> 원래 핏크닉 무료 강의르 들으면서 몇번이나 강의를 살까 말까를 고민했습니다. 그만큼 퍼널마케팅을 잘하고 있다는 생각이 들었습니다. 저는 8년간 마케팅일을 했고 설비누수 마켕을 중점으로 일하고 20억이 넘는 매출을 내고 있습니다. | J22: =IFERROR(__xludf.DUMMYFUNCTION("""COMPUTED_VALUE"""),"8년차 마케터로 일하고 있습니다.그리고 전국 누수 설비 업체 연 매출 20억 이상을 달성했습니다.") -> 8년차 마케터로 일하고 있습니다.그리고 전국 누수 설비 업체 연 매출 20억 이상을 달성했습니다. | L22: =IFERROR(__xludf.DUMMYFUNCTION("""COMPUTED_VALUE"""),"설비누수 업자들이 안정적인 매출을 낼 수 있게 도와줄 수 있습니다.") -> 설비누수 업자들이 안정적인 매출을 낼 수 있게 도와줄 수 있습니다. | M22: 확인완료
A23: 19 | B23: =IFERROR(__xludf.DUMMYFUNCTION("""COMPUTED_VALUE"""),45848.40614013889) -> 45848.406 | C23: =IFERROR(__xludf.DUMMYFUNCTION("""COMPUTED_VALUE"""),"") | D23: =IFERROR(__xludf.DUMMYFUNCTION("""COMPUTED_VALUE"""),"김지민") -> 김지민 | E23: =IFERROR(__xludf.DUMMYFUNCTION("""COMPUTED_VALUE"""),"김독고") -> 김독고 | F23: =IFERROR(__xludf.DUMMYFUNCTION("""COMPUTED_VALUE"""),"01075390983") -> 01075390983 | G23: =IFERROR(__xludf.DUMMYFUNCTION("""COMPUTED_VALUE"""),"없음") -> 없음 | H23: =IFERROR(__xludf.DUMMYFUNCTION("""COMPUTED_VALUE"""),"부업으로 월 500") -> 부업으로 월 500 | I23: =IFERROR(__xludf.DUMMYFUNCTION("""COMPUTED_VALUE"""),"내가 정말 블루오션에서 누구나 월 500을 벌수있는걸 하고 있고 다른 강의에 비해서 정말 바로 수익이 난다고 생각해서 무재고 당근마켓활용한 부업입니다") -> 내가 정말 블루오션에서 누구나 월 500을 벌수있는걸 하고 있고 다른 강의에 비해서 정말 바로 수익이 난다고 생각해서 무재고 당근마켓활용한 부업입니다 | J23: =IFERROR(__xludf.DUMMYFUNCTION("""COMPUTED_VALUE"""),"당근을 통한 월 수익 3000이상 ") -> 당근을 통한 월 수익 3000이상 | K23: =IFERROR(__xludf.DUMMYFUNCTION("""COMPUTED_VALUE"""),"제가 알려드린 분들이 순수익 2000하고 계신 분들이 많고 순수익 500이하는 드물다") -> 제가 알려드린 분들이 순수익 2000하고 계신 분들이 많고 순수익 500이하는 드물다 | L23: =IFERROR(__xludf.DUMMYFUNCTION("""COMPUTED_VALUE"""),"당근마켓 부업을 통해 월 300만원 순수익 가능 전업으로하면 월 1000도 가능") -> 당근마켓 부업을 통해 월 300만원 순수익 가능 전업으로하면 월 1000도 가능 | M23: 확인완료
A24: 20 | B24: =IFERROR(__xludf.DUMMYFUNCTION("""COMPUTED_VALUE"""),45856.368490162036) -> 45856.368 | C24: =IFERROR(__xludf.DUMMYFUNCTION("""COMPUTED_VALUE"""),"") | D24: =IFERROR(__xludf.DUMMYFUNCTION("""COMPUTED_VALUE"""),"김유선") -> 김유선 | E24: =IFERROR(__xludf.DUMMYFUNCTION("""COMPUTED_VALUE"""),"디앤써") -> 디앤써 | F24: =IFERROR(__xludf.DUMMYFUNCTION("""COMPUTED_VALUE"""),"01058741206") -> 01058741206 | G24: =IFERROR(__xludf.DUMMYFUNCTION("""COMPUTED_VALUE"""),"있었습니다. (러닝스푼즈/코주부클래스/사이클해커스와 각각 진행한 경험이 있습니다.)") -> 있었습니다. (러닝스푼즈/코주부클래스/사이클해커스와 각각 진행한 경험이 있습니다.) | H24: =IFERROR(__xludf.DUMMYFUNCTION("""COMPUTED_VALUE"""),"타로를 통해 돈을 버는 방법") -> 타로를 통해 돈을 버는 방법 | I24: =IFERROR(__xludf.DUMMYFUNCTION("""COMPUTED_VALUE"""),"인스타그램에 광고가 계속 떠서, 해볼까 싶었습니다. 리드수집을 잘하고 세일즈멘트를 잘하는 플랫폼이라고 판단되서 지원했습니다. ") -> 인스타그램에 광고가 계속 떠서, 해볼까 싶었습니다. 리드수집을 잘하고 세일즈멘트를 잘하는 플랫폼이라고 판단되서 지원했습니다. | J24: =IFERROR(__xludf.DUMMYFUNCTION("""COMPUTED_VALUE"""),"1.펀딩으로 연매출 3천만원 달성 2.강의 1회당 1억 4천만원 매출 달성 3.현금거래만 해서 연 3천도 따로 있지만 그건 빼겠습니다. (사주타로 경력 8년차이며, 타로상담후기와 입금내역이 다양하게 있습니다.)") -> 1.펀딩으로 연매출 3천만원 달성 2.강의 1회당 1억 4천만원 매출 달성 3.현금거래만 해서 연 3천도 따로 있지만 그건 빼겠습니다. (사주타로 경력 8년차이며, 타로상담후기와 입금내역이 다양하게 있습니다.) | K24: =IFERROR(__xludf.DUMMYFUNCTION("""COMPUTED_VALUE"""),"3.수강생 펀딩 최고 900만원 달성 4.수강생 상담 최고 주 200만원 달성 5.수강생 웨비나를 통한 강사데뷔로 1회당 129만원 달성 등 있습니다.") -> 3.수강생 펀딩 최고 900만원 달성 4.수강생 상담 최고 주 200만원 달성 5.수강생 웨비나를 통한 강사데뷔로 1회당 129만원 달성 등 있습니다. | L24: =IFERROR(__xludf.DUMMYFUNCTION("""COMPUTED_VALUE"""),"1.타로 전자책/상세페이지 작성 및 크라우드 펀딩으로 돈벌기 2.타로 상담으로 돈벌기(+타로살롱/운세7과 저는 협업중이기에, 제 강의를 들으면 이 두 플랫폼에 동시 입점연계가 됩니다. 지금까지 입점률은 100%입니다) 3.타로카드 제작(제 수강생도 타로카드로 900만원을 벌었습니다.) 4.콘텐츠 판매 및 셀프광고 집행(인스타광고집행법, 콘텐츠판매를 위한 플랫폼 생성등을 알려드립니다.)") -> 1.타로 전자책/상세페이지 작성 및 크라우드 펀딩으로 돈벌기 2.타로 상담으로 돈벌기(+타로살롱/운세7과 저는 협업중이기에, 제 강의를 들으면 이 두 플랫폼에 동시 입점연계가 됩니다. 지금까지 입점률은 100%입니다) 3.타로카드 제작(제 수강생도 타로카드로 900만원을 벌었습니다.) 4.콘텐츠 판매 및 셀프광고 집행(인스타광고집행법, 콘텐츠판매를 위한 플랫폼 생성등을 알려드립니다.) | M24: 확인완료
A25: 21 | B25: =IFERROR(__xludf.DUMMYFUNCTION("""COMPUTED_VALUE"""),45880.507028645836) -> 45880.507 | C25: =IFERROR(__xludf.DUMMYFUNCTION("""COMPUTED_VALUE"""),"") | D25: =IFERROR(__xludf.DUMMYFUNCTION("""COMPUTED_VALUE"""),"한현수") -> 한현수 | E25: =IFERROR(__xludf.DUMMYFUNCTION("""COMPUTED_VALUE"""),"한현수") -> 한현수 | F25: =IFERROR(__xludf.DUMMYFUNCTION("""COMPUTED_VALUE"""),"010-4740-2032") -> 010-4740-2032 | G25: =IFERROR(__xludf.DUMMYFUNCTION("""COMPUTED_VALUE"""),"오프라인 강의(각 지역 농업기술센터, 창조경제혁신센터, 지역 대학)") -> 오프라인 강의(각 지역 농업기술센터, 창조경제혁신센터, 지역 대학) | H25: =IFERROR(__xludf.DUMMYFUNCTION("""COMPUTED_VALUE"""),"정부 지원사업 수주를 통한 농식품 상세페이지 제작 수익화 마스터클래스") -> 정부 지원사업 수주를 통한 농식품 상세페이지 제작 수익화 마스터클래스 | I25: =IFERROR(__xludf.DUMMYFUNCTION("""COMPUTED_VALUE"""),"농식품 전문 홈페이지 제작과 상세페이지 제작을 전문으로 하는 웹에이전시를 20년 동안 운영해오고 있습니다. 요즘 상세페이지 제작에 관한 여러 강의들이 많습니다. 하지만 제작 기술이나 방향성에 대한 내용만 있을뿐 근거를 가진 확실한 수익화 방법에 대한 내용은 좀 부실하다 판단됩니다. 농식품 분야는 정부에서 매년 엄청난 금액의 지원 사업을 실시하고 있으며 그 중 온라인 판매를 위한 각종 지원책들이 여러 지원기관을 통해 다양한 사업 방식으로 지원되고 있"&"습니다. 이 부분에서 중요한 사업 하나가 바로 상세페이지 제작입니다. 당사도 매년 나라장터를 통한 상세페이지 제작 사업을 수주해 제작하고 있으며 이 방법을 강의를 통해 공유하고자 합니다. 공유 이유는 농식품 분야 지원사업은 우리나라 모든 권역을 몇몇곳 회사에서 독점할 수 없으며 각 지역별로 수주가 가능한 사업도 굉장히 많기에 제 강의를 수강한 후 각 지역별로 지원사업을 수주해 수익을 얻고 거기에 더해 온라인을 통한 홍보 및 각종 플랫폼을 활용해 "&"가격 경쟁력과 제작 기간의 압도적 경쟁력을 가지고 수익화를 진행할 수 있습니다. 잘 아시겠지만 디자인 분야는 레드오션 분야입니다. 그렇기에 특정 분야에 집중해 전문성을 높여야만 경쟁력을 가질 수 있습니다. 20년 경험을 모두 강의에 내고자 합니다. 강의를 위한 각종 자료(기초부터 템플릿 활용까지 할 수 있는 강의영상 수십개, 각 강의 영상별 전자책, 농식품 상세페이지 제작을 위한 수백개 템플릿, AI를 활용한 이미지 생성과 상세페이지 제작 기획 "&"GPT 등)는 모두 준비되어 있습니다. 여기에 20년 동안 웹에이전시를 운영하며 경험한 모든 노하우를 전수할 것입니다.") -> 농식품 전문 홈페이지 제작과 상세페이지 제작을 전문으로 하는 웹에이전시를 20년 동안 운영해오고 있습니다. 요즘 상세페이지 제작에 관한 여러 강의들이 많습니다. 하지만 제작 기술이나 방향성에 대한 내용만 있을뿐 근거를 가진 확실한 수익화 방법에 대한 내용은 좀 부실하다 판단됩니다. 농식품 분야는 정부에서 매년 엄청난 금액의 지원 사업을 실시하고 있으며 그 중 온라인 판매를 위한 각종 지원책들이 여러 지원기관을 통해 다양한 사업 방식으로 지원되고 있습니다. 이 부분에서 중요한 사업 하나가 바로 상세페이지 제작입니다. 당사도 매년 나라장터를 통한 상세페이지 제작 사업을 수주해 제작하고 있으며 이 방법을 강의를 통해 공유하고자 합니다. 공유 이유는 농식품 분야 지원사업은 우리나라 모든 권역을 몇몇곳 회사에서 독점할 수 없으며 각 지역별로 수주가 가능한 사업도 굉장히 많기에 제 강의를 수강한 후 각 지역별로 지원사업을 수주해 수익을 얻고 거기에 더해 온라인을 통한 홍보 및 각종 플랫폼을 활용해 가격 경쟁력과 제작 기간의 압도적 경쟁력을 가지고 수익화를 진행할 수 있습니다. 잘 아시겠지만 디자인 분야는 레드오션 분야입니다. 그렇기에 특정 분야에 집중해 전문성을 높여야만 경쟁력을 가질 수 있습니다. 20년 경험을 모두 강의에 내고자 합니다. 강의를 위한 각종 자료(기초부터 템플릿 활용까지 할 수 있는 강의영상 수십개, 각 강의 영상별 전자책, 농식품 상세페이지 제작을 위한 수백개 템플릿, AI를 활용한 이미지 생성과 상세페이지 제작 기획 GPT 등)는 모두 준비되어 있습니다. 여기에 20년 동안 웹에이전시를 운영하며 경험한 모든 노하우를 전수할 것입니다. | J25: =IFERROR(__xludf.DUMMYFUNCTION("""COMPUTED_VALUE"""),"웹에이전시 20년 운영, 연매출 7억") -> 웹에이전시 20년 운영, 연매출 7억 | K25: =IFERROR(__xludf.DUMMYFUNCTION("""COMPUTED_VALUE"""),"각 지역 농업기술센터, 창조경제혁신센터, 대학 등 오프라인 강의 위주 진행 했으며 수강자들의 매출액 증대는 있었으나 구제척인 수치는 모름") -> 각 지역 농업기술센터, 창조경제혁신센터, 대학 등 오프라인 강의 위주 진행 했으며 수강자들의 매출액 증대는 있었으나 구제척인 수치는 모름 | L25: =IFERROR(__xludf.DUMMYFUNCTION("""COMPUTED_VALUE"""),"부업 형태로 운영시 정부 지원사업 수주를 통한 2,000만원 수익, 온라인 플랫폼 판매를 통한 연매출 3,000만원 수익 가능") -> 부업 형태로 운영시 정부 지원사업 수주를 통한 2,000만원 수익, 온라인 플랫폼 판매를 통한 연매출 3,000만원 수익 가능 | M25: 확인완료
A26: 22 | B26: =IFERROR(__xludf.DUMMYFUNCTION("""COMPUTED_VALUE"""),45890.44141697917) -> 45890.441 | C26: =IFERROR(__xludf.DUMMYFUNCTION("""COMPUTED_VALUE"""),"akf240401@gmail.com") -> akf240401@gmail.com | D26: =IFERROR(__xludf.DUMMYFUNCTION("""COMPUTED_VALUE"""),"유태민") -> 유태민 | E26: =IFERROR(__xludf.DUMMYFUNCTION("""COMPUTED_VALUE"""),"유태민") -> 유태민 | F26: =IFERROR(__xludf.DUMMYFUNCTION("""COMPUTED_VALUE"""),"01040297693") -> 01040297693 | G26: =IFERROR(__xludf.DUMMYFUNCTION("""COMPUTED_VALUE"""),"없음") -> 없음 | H26: =IFERROR(__xludf.DUMMYFUNCTION("""COMPUTED_VALUE"""),"브랜딩 런칭과 엑시트로 돈버는 방법") -> 브랜딩 런칭과 엑시트로 돈버는 방법 | I26: =IFERROR(__xludf.DUMMYFUNCTION("""COMPUTED_VALUE"""),"본인이 가지고 있는 탤런트를 활용해 강의를 할 수 있는 매체가 될 것으로 판단") -> 본인이 가지고 있는 탤런트를 활용해 강의를 할 수 있는 매체가 될 것으로 판단 | J26: =IFERROR(__xludf.DUMMYFUNCTION("""COMPUTED_VALUE"""),"브랜드 런칭 후 엑시트") -> 브랜드 런칭 후 엑시트 | L26: =IFERROR(__xludf.DUMMYFUNCTION("""COMPUTED_VALUE"""),"스타트업으로 브랜드를 준비단계,런칭,엑시트") -> 스타트업으로 브랜드를 준비단계,런칭,엑시트 | M26: 확인완료
A27: 23 | B27: =IFERROR(__xludf.DUMMYFUNCTION("""COMPUTED_VALUE"""),45904.60891810185) -> 45904.609 | C27: =IFERROR(__xludf.DUMMYFUNCTION("""COMPUTED_VALUE"""),"dkslstn2@gmail.com") -> dkslstn2@gmail.com | D27: =IFERROR(__xludf.DUMMYFUNCTION("""COMPUTED_VALUE"""),"안교준") -> 안교준 | E27: =IFERROR(__xludf.DUMMYFUNCTION("""COMPUTED_VALUE"""),"준지") -> 준지 | F27: =IFERROR(__xludf.DUMMYFUNCTION("""COMPUTED_VALUE"""),"01088882634") -> 01088882634 | G27: =IFERROR(__xludf.DUMMYFUNCTION("""COMPUTED_VALUE"""),"없음") -> 없음 | H27: =IFERROR(__xludf.DUMMYFUNCTION("""COMPUTED_VALUE"""),"메타광고 실전과 자사몰 운영을 통한 매출 성장 전략 → 광고 클릭이 아닌 실제 매출로 연결하는 실전형 강의") -> 메타광고 실전과 자사몰 운영을 통한 매출 성장 전략 → 광고 클릭이 아닌 실제 매출로 연결하는 실전형 강의 | I27: =IFERROR(__xludf.DUMMYFUNCTION("""COMPUTED_VALUE"""),"저는 1인 창업으로 자사몰을 운영하며 연매출 9억을 달성했고, 이후 Exit까지 성공적으로 경험했습니다. 이러한 과정을 통해 단순히 매출 성장을 넘어서 사업을 확장하고 자산화하는 방법을 체득할 수 있었습니다. 이제는 제 경험을 토대로, 부업을 시작하는 분들뿐 아니라 장기적으로 사업을 키우고 싶은 분들에게 실제 현장에서 통했던 전략과 인사이트를 전달하고자 강사로 지원하게 되었습니다. 제 강점은 단순 이론이 아닌, 실제 매출과 Exit 경험에서 나온 현실적"&"인 노하우를 공유할 수 있다는 점입니다.") -> 저는 1인 창업으로 자사몰을 운영하며 연매출 9억을 달성했고, 이후 Exit까지 성공적으로 경험했습니다. 이러한 과정을 통해 단순히 매출 성장을 넘어서 사업을 확장하고 자산화하는 방법을 체득할 수 있었습니다. 이제는 제 경험을 토대로, 부업을 시작하는 분들뿐 아니라 장기적으로 사업을 키우고 싶은 분들에게 실제 현장에서 통했던 전략과 인사이트를 전달하고자 강사로 지원하게 되었습니다. 제 강점은 단순 이론이 아닌, 실제 매출과 Exit 경험에서 나온 현실적인 노하우를 공유할 수 있다는 점입니다. | J27: =IFERROR(__xludf.DUMMYFUNCTION("""COMPUTED_VALUE"""),"자사몰을 통해 연매출 9억달성") -> 자사몰을 통해 연매출 9억달성 | K27: =IFERROR(__xludf.DUMMYFUNCTION("""COMPUTED_VALUE"""),"23년도 개인플랫폼을 만들어 강의진행 수강생평균 월매출 2천만원달성 순익 300-400 ") -> 23년도 개인플랫폼을 만들어 강의진행 수강생평균 월매출 2천만원달성 순익 300-400 | L27: =IFERROR(__xludf.DUMMYFUNCTION("""COMPUTED_VALUE"""),"광고 데이터를 분석해 ROAS 300% 이상 성과를 내는 방법 체득 단순 부업이 아닌, 장기적으로 자산화 가능한 쇼핑몰 운영 구조 이해 강의 후 즉시 실행 가능한 광고·자사몰 운영 체크리스트 확보") -> 광고 데이터를 분석해 ROAS 300% 이상 성과를 내는 방법 체득 단순 부업이 아닌, 장기적으로 자산화 가능한 쇼핑몰 운영 구조 이해 강의 후 즉시 실행 가능한 광고·자사몰 운영 체크리스트 확보 | M27: 확인완료
A28: 24 | B28: =IFERROR(__xludf.DUMMYFUNCTION("""COMPUTED_VALUE"""),45906.95831803241) -> 45906.958 | C28: =IFERROR(__xludf.DUMMYFUNCTION("""COMPUTED_VALUE"""),"noble870705@gmail.com") -> noble870705@gmail.com | D28: =IFERROR(__xludf.DUMMYFUNCTION("""COMPUTED_VALUE"""),"김중근") -> 김중근 | E28: =IFERROR(__xludf.DUMMYFUNCTION("""COMPUTED_VALUE"""),"김중근 소장") -> 김중근 소장 | F28: =IFERROR(__xludf.DUMMYFUNCTION("""COMPUTED_VALUE"""),"01064706635") -> 01064706635 | G28: =IFERROR(__xludf.DUMMYFUNCTION("""COMPUTED_VALUE"""),"https://youtu.be/iRC7PoSYjxk?si=TArhA2Bv-F7GP0PZ") -> https://youtu.be/iRC7PoSYjxk?si=TArhA2Bv-F7GP0PZ | H28: =IFERROR(__xludf.DUMMYFUNCTION("""COMPUTED_VALUE"""),"부동산경매 마스터 클래스") -> 부동산경매 마스터 클래스 | I28: =IFERROR(__xludf.DUMMYFUNCTION("""COMPUTED_VALUE"""),"수강생에 만족하는모습에 뭉클해집니다. 12년차 부동산 열정이있으면 시켜만주시면 수강생만족시키겠습니다.") -> 수강생에 만족하는모습에 뭉클해집니다. 12년차 부동산 열정이있으면 시켜만주시면 수강생만족시키겠습니다. | J28: =IFERROR(__xludf.DUMMYFUNCTION("""COMPUTED_VALUE"""),"부동산경매로 순자산 10억") -> 부동산경매로 순자산 10억 | K28: =IFERROR(__xludf.DUMMYFUNCTION("""COMPUTED_VALUE"""),"1.부동산경매로 실거주 8천만원 차익 싸게구입") -> 1.부동산경매로 실거주 8천만원 차익 싸게구입 | L28: =IFERROR(__xludf.DUMMYFUNCTION("""COMPUTED_VALUE"""),"경매를 통해, 시세보다 저렴하게 부동산 구입") -> 경매를 통해, 시세보다 저렴하게 부동산 구입 | M28: 확인완료
A29: 25 | B29: =IFERROR(__xludf.DUMMYFUNCTION("""COMPUTED_VALUE"""),45906.96244041667) -> 45906.962 | C29: =IFERROR(__xludf.DUMMYFUNCTION("""COMPUTED_VALUE"""),"noble870705@gmail.com") -> noble870705@gmail.com | D29: =IFERROR(__xludf.DUMMYFUNCTION("""COMPUTED_VALUE"""),"김중근") -> 김중근 | E29: =IFERROR(__xludf.DUMMYFUNCTION("""COMPUTED_VALUE"""),"노블쌤") -> 노블쌤 | F29: =IFERROR(__xludf.DUMMYFUNCTION("""COMPUTED_VALUE"""),"01064706635") -> 01064706635 | G29: =IFERROR(__xludf.DUMMYFUNCTION("""COMPUTED_VALUE"""),"https://www.beyondclass.co.kr/course/course_view.jsp?id=186298&cid=117712#course-view-186298") -> https://www.beyondclass.co.kr/course/course_view.jsp?id=186298&cid=117712#course-view-186298 | H29: =IFERROR(__xludf.DUMMYFUNCTION("""COMPUTED_VALUE"""),"부동산 경매를 통해 돈을 버는 방법 *") -> 부동산 경매를 통해 돈을 버는 방법 * | I29: =IFERROR(__xludf.DUMMYFUNCTION("""COMPUTED_VALUE"""),"수강생에 만족하는모습") -> 수강생에 만족하는모습 | J29: =IFERROR(__xludf.DUMMYFUNCTION("""COMPUTED_VALUE"""),"부동산 경매로 순자산 10억") -> 부동산 경매로 순자산 10억 | K29: =IFERROR(__xludf.DUMMYFUNCTION("""COMPUTED_VALUE"""),"부동산경매로 실거주 8천만원 차익") -> 부동산경매로 실거주 8천만원 차익 | L29: =IFERROR(__xludf.DUMMYFUNCTION("""COMPUTED_VALUE"""),"경매를 통해, 시세보다 저렴하게 부동산 구입") -> 경매를 통해, 시세보다 저렴하게 부동산 구입 | M29: 확인완료
A30: 26 | B30: =IFERROR(__xludf.DUMMYFUNCTION("""COMPUTED_VALUE"""),45909.68138033565) -> 45909.681 | C30: =IFERROR(__xludf.DUMMYFUNCTION("""COMPUTED_VALUE"""),"tmddl1208@gmail.com") -> tmddl1208@gmail.com | D30: =IFERROR(__xludf.DUMMYFUNCTION("""COMPUTED_VALUE"""),"조은정(여, 51세)") -> 조은정(여, 51세) | E30: =IFERROR(__xludf.DUMMYFUNCTION("""COMPUTED_VALUE"""),"승이맘") -> 승이맘 | F30: =IFERROR(__xludf.DUMMYFUNCTION("""COMPUTED_VALUE"""),"010 3091 1466") -> 010 3091 1466 | G30: =IFERROR(__xludf.DUMMYFUNCTION("""COMPUTED_VALUE"""),"지인에게 알려주고 있고, 다마고치 형식으로 진행중입니다.") -> 지인에게 알려주고 있고, 다마고치 형식으로 진행중입니다. | H30: =IFERROR(__xludf.DUMMYFUNCTION("""COMPUTED_VALUE"""),"법적 문제없이, 평생 안정적이고 지속적으로 3~500만원 벌 수 있는 방법") -> 법적 문제없이, 평생 안정적이고 지속적으로 3~500만원 벌 수 있는 방법 | I30: =IFERROR(__xludf.DUMMYFUNCTION("""COMPUTED_VALUE"""),"https://docs.google.com/spreadsheets/d/1-MyZxh8wo6qQ8yy6qVMJpaOLRaB4kaO_BXHoJBh2U2A/edit?gid=1020501752#gid=1020501752 국내 유일 브랜드본사와의 손해배상청구소송에서 1.2심까지 모두 완벽승소한 현직 셀러로, 법적인 안전장치를 미리 숙지해서, 온라인에서 가장 쉽게 매출을 낼 수 있는 브랜드위탁을 안정적이고 지속적으로 유지할 수 있도록 할 수 있습니다. 또한, 자"&"체 개발한, 주문대장과 상품리스트를 통해, 초반 멍때리는 시간없이, 매출 발생할 수 있는 상품만 등록하면 될 수 있도록 시스템을 개발하였습니다. 하여, 상품등록 시간에 따라 즉시 매출은 발생시킬 수 있습니다. 열심히 소송도 하였고, 열심히 시스템도 만들었습니다. 그러나,,강의를 위해 소송을 했고,시스템을 만든 게 아니었습니다. 저희도 이 브랜드위탁이, 실제 업을 유지함에 있어서, 대한민국 법원의 판단을 받아야, 추후 법적문제 또는 시비가 오더라도,"&" 안정적으로 유지할 수 있겠다는 마음으로 끝까지 소송을 진행한 거였습니다. 하여, 이런 완벽한 승소 결과를 받고 나니, 99%가 중도 포기할 수 밖에 없는 여러 분들에게 도움을 주고자 강의를 런칭하게 되었습니다. 브랜드위탁(=리셀)업에 있어 관련법은 총 4가지입니다. 이 4가지 모두 완벽하게 방어할 수 있는 법적 근거와 소송이력을 가진 셀러는 저희 뿐입니다.") -> https://docs.google.com/spreadsheets/d/1-MyZxh8wo6qQ8yy6qVMJpaOLRaB4kaO_BXHoJBh2U2A/edit?gid=1020501752#gid=1020501752 국내 유일 브랜드본사와의 손해배상청구소송에서 1.2심까지 모두 완벽승소한 현직 셀러로, 법적인 안전장치를 미리 숙지해서, 온라인에서 가장 쉽게 매출을 낼 수 있는 브랜드위탁을 안정적이고 지속적으로 유지할 수 있도록 할 수 있습니다. 또한, 자체 개발한, 주문대장과 상품리스트를 통해, 초반 멍때리는 시간없이, 매출 발생할 수 있는 상품만 등록하면 될 수 있도록 시스템을 개발하였습니다. 하여, 상품등록 시간에 따라 즉시 매출은 발생시킬 수 있습니다. 열심히 소송도 하였고, 열심히 시스템도 만들었습니다. 그러나,,강의를 위해 소송을 했고,시스템을 만든 게 아니었습니다. 저희도 이 브랜드위탁이, 실제 업을 유지함에 있어서, 대한민국 법원의 판단을 받아야, 추후 법적문제 또는 시비가 오더라도, 안정적으로 유지할 수 있겠다는 마음으로 끝까지 소송을 진행한 거였습니다. 하여, 이런 완벽한 승소 결과를 받고 나니, 99%가 중도 포기할 수 밖에 없는 여러 분들에게 도움을 주고자 강의를 런칭하게 되었습니다. 브랜드위탁(=리셀)업에 있어 관련법은 총 4가지입니다. 이 4가지 모두 완벽하게 방어할 수 있는 법적 근거와 소송이력을 가진 셀러는 저희 뿐입니다. | J30: =IFERROR(__xludf.DUMMYFUNCTION("""COMPUTED_VALUE"""),"브랜드위탁을 통해 연매출 10억 달성(티메프사태때에도.)") -> 브랜드위탁을 통해 연매출 10억 달성(티메프사태때에도.) | K30: =IFERROR(__xludf.DUMMYFUNCTION("""COMPUTED_VALUE"""),"현재 다마고치 형식으로 1주차 진행중이라, 아직은 성과가 없지만, 다음주부터 성과를 바로 낼 수 있도록 계획중입니다.제가 직접 해 본 경험이 있고 그대로 따라하기만 하면 되는 시스템까지 있습니다.") -> 현재 다마고치 형식으로 1주차 진행중이라, 아직은 성과가 없지만, 다음주부터 성과를 바로 낼 수 있도록 계획중입니다.제가 직접 해 본 경험이 있고 그대로 따라하기만 하면 되는 시스템까지 있습니다. | L30: =IFERROR(__xludf.DUMMYFUNCTION("""COMPUTED_VALUE""")," 평생 안정적이고 지속적으로 300만원 벌 수 있는 방법") -> 평생 안정적이고 지속적으로 300만원 벌 수 있는 방법 | M30: 확인완료
A31: 27 | B31: =IFERROR(__xludf.DUMMYFUNCTION("""COMPUTED_VALUE"""),45913.68960873842) -> 45913.69 | C31: =IFERROR(__xludf.DUMMYFUNCTION("""COMPUTED_VALUE"""),"alsrb4895@gmail.com") -> alsrb4895@gmail.com | D31: =IFERROR(__xludf.DUMMYFUNCTION("""COMPUTED_VALUE"""),"김민규") -> 김민규 | E31: =IFERROR(__xludf.DUMMYFUNCTION("""COMPUTED_VALUE"""),"세원") -> 세원 | F31: =IFERROR(__xludf.DUMMYFUNCTION("""COMPUTED_VALUE"""),"01021914895 전화로 연락주새요") -> 01021914895 전화로 연락주새요 | G31: =IFERROR(__xludf.DUMMYFUNCTION("""COMPUTED_VALUE"""),"없음") -> 없음 | H31: =IFERROR(__xludf.DUMMYFUNCTION("""COMPUTED_VALUE"""),"에어비앤비 프리미엄화 강의 ") -> 에어비앤비 프리미엄화 강의 | I31: =IFERROR(__xludf.DUMMYFUNCTION("""COMPUTED_VALUE"""),"컨설팅 경험과 다른 운영자와 차별화된 인맥과 매물 수집 능력, 수강생 끌어올수있는 능력, 경험과 지식, 실제 매출로 인해 개인브랜딩과 플랫폼 미팅중") -> 컨설팅 경험과 다른 운영자와 차별화된 인맥과 매물 수집 능력, 수강생 끌어올수있는 능력, 경험과 지식, 실제 매출로 인해 개인브랜딩과 플랫폼 미팅중 | J31: =IFERROR(__xludf.DUMMYFUNCTION("""COMPUTED_VALUE"""),"개업 1년만에 에어비앤비 1채로 1200매출 950순이익") -> 개업 1년만에 에어비앤비 1채로 1200매출 950순이익 | K31: =IFERROR(__xludf.DUMMYFUNCTION("""COMPUTED_VALUE"""),"수강생 2달만에 엑싯 1천5백만 수익 안국에 한옥 오픈") -> 수강생 2달만에 엑싯 1천5백만 수익 안국에 한옥 오픈 | L31: =IFERROR(__xludf.DUMMYFUNCTION("""COMPUTED_VALUE"""),"숙박업 모든 인사이트와 노하우 사업 시작에 대한 두려움 제거, 프리미엄 세팅을 통한 연 4천이상 수익") -> 숙박업 모든 인사이트와 노하우 사업 시작에 대한 두려움 제거, 프리미엄 세팅을 통한 연 4천이상 수익 | M31: 확인완료
A32: 28 | B32: =IFERROR(__xludf.DUMMYFUNCTION("""COMPUTED_VALUE"""),45915.378852291666) -> 45915.379 | C32: =IFERROR(__xludf.DUMMYFUNCTION("""COMPUTED_VALUE"""),"jskydom11@gmail.com") -> jskydom11@gmail.com | D32: =IFERROR(__xludf.DUMMYFUNCTION("""COMPUTED_VALUE"""),"장준호 ") -> 장준호 | E32: =IFERROR(__xludf.DUMMYFUNCTION("""COMPUTED_VALUE"""),"장준호/햇살소리 ") -> 장준호/햇살소리 | F32: =IFERROR(__xludf.DUMMYFUNCTION("""COMPUTED_VALUE"""),"010-5894-3388") -> 010-5894-3388 | G32: =IFERROR(__xludf.DUMMYFUNCTION("""COMPUTED_VALUE"""),"있음(""있음""을 체크하셨다면, 기타에 강의를 진행하고 계신 사이트의 링크 넣어주세요)") -> 있음("있음"을 체크하셨다면, 기타에 강의를 진행하고 계신 사이트의 링크 넣어주세요) | H32: =IFERROR(__xludf.DUMMYFUNCTION("""COMPUTED_VALUE"""),"수익 2배, 시간은 1/2로 줄이는 유일한 강의! 정책자금으로 자영업자에게 다가가기 쉽고 수익을 올릴수 있으며 플레이스로 또다른 수익을 창출 할수 있는 최고의 투트랙 강의를 진행하고자 합니다.") -> 수익 2배, 시간은 1/2로 줄이는 유일한 강의! 정책자금으로 자영업자에게 다가가기 쉽고 수익을 올릴수 있으며 플레이스로 또다른 수익을 창출 할수 있는 최고의 투트랙 강의를 진행하고자 합니다. | I32: =IFERROR(__xludf.DUMMYFUNCTION("""COMPUTED_VALUE"""),"20년 진성 블로거의 '본질'을 꿰뚫는 온라인 마케팅 전문가: 20여 년간 블로그를 운영하며 변화하는 로직을 누구보다 빠르게 파악하고 적용해왔습니다. 단순히 글을 쓰는 기술을 넘어, 고객의 마음을 움직이고 트래픽을 수익으로 전환하는 블로그와 네이버 플레이스 최적화 노하우를 체득했습니다. 이 경험을 바탕으로, 수강생들이 직접 마케팅 채널을 구축하고 자생력을 갖출 수 있도록 돕겠습니다. 100억대 매출을 달성한 '실전' 정책자금 전문가: 저는 수십"&"억의 정책자금을 실제 받아본 경험은 물론, 직접 100억이 넘는 연매출을 달성하며 법인부터 농업법인까지 다양한 사업체에 수십억의 자금을 유치해 본 실질적인 경험을 가지고 있습니다. 다른 컨설턴트들이 쉽게 접하지 못한 예비창업패키지 등 정부 지원 사업을 성공시킨 노하우와, '남들이 받지 못했던' 자금까지 받아낸 독보적인 전략을 보유하고 있습니다. 이를 통해 기초부터 하이 레벨까지 모든 과정을 아우르는 차별화된 강의를 제공할 수 있습니다. 두 분야를 "&"융합한 유일무이(唯一無二)한 전문가: 정책자금으로 사업의 씨앗이 될 종잣돈을 마련하고, 블로그와 플레이스를 활용해 고객을 끌어오는 자동화된 마케팅 시스템을 구축하는, 이 두 가지 핵심 역량을 모두 갖춘 강사는 흔치 않습니다. 이 두 가지 노하우를 한데 묶어, 수강생분들이 '자본'과 '고객'이라는 사업의 두 가지 난관을 동시에 해결하고, 안정적으로 성장할 수 있는 시스템을 구축하도록 돕겠습니다. 저는 단순한 정보 전달을 넘어, 제가 직접 부딪히고 성"&"공시킨 생생한 경험을 바탕으로 수강생 한 분 한 분의 성장을 이끌어낼 준비가 되어있습니다. ") -> 20년 진성 블로거의 '본질'을 꿰뚫는 온라인 마케팅 전문가: 20여 년간 블로그를 운영하며 변화하는 로직을 누구보다 빠르게 파악하고 적용해왔습니다. 단순히 글을 쓰는 기술을 넘어, 고객의 마음을 움직이고 트래픽을 수익으로 전환하는 블로그와 네이버 플레이스 최적화 노하우를 체득했습니다. 이 경험을 바탕으로, 수강생들이 직접 마케팅 채널을 구축하고 자생력을 갖출 수 있도록 돕겠습니다. 100억대 매출을 달성한 '실전' 정책자금 전문가: 저는 수십억의 정책자금을 실제 받아본 경험은 물론, 직접 100억이 넘는 연매출을 달성하며 법인부터 농업법인까지 다양한 사업체에 수십억의 자금을 유치해 본 실질적인 경험을 가지고 있습니다. 다른 컨설턴트들이 쉽게 접하지 못한 예비창업패키지 등 정부 지원 사업을 성공시킨 노하우와, '남들이 받지 못했던' 자금까지 받아낸 독보적인 전략을 보유하고 있습니다. 이를 통해 기초부터 하이 레벨까지 모든 과정을 아우르는 차별화된 강의를 제공할 수 있습니다. 두 분야를 융합한 유일무이(唯一無二)한 전문가: 정책자금으로 사업의 씨앗이 될 종잣돈을 마련하고, 블로그와 플레이스를 활용해 고객을 끌어오는 자동화된 마케팅 시스템을 구축하는, 이 두 가지 핵심 역량을 모두 갖춘 강사는 흔치 않습니다. 이 두 가지 노하우를 한데 묶어, 수강생분들이 '자본'과 '고객'이라는 사업의 두 가지 난관을 동시에 해결하고, 안정적으로 성장할 수 있는 시스템을 구축하도록 돕겠습니다. 저는 단순한 정보 전달을 넘어, 제가 직접 부딪히고 성공시킨 생생한 경험을 바탕으로 수강생 한 분 한 분의 성장을 이끌어낼 준비가 되어있습니다. | J32: =IFERROR(__xludf.DUMMYFUNCTION("""COMPUTED_VALUE"""),"합성수지 제조업체 운영: 연매출 100억 이상 달성 농업법인 운영: 축산업관련 법인으로 유통업으로 1년만에 연매출 20억 달성 컨설팅 업체 (신자원, 하나경제) 운영: 월 매출 5천만 원 이상 달성 및 누적 컨설팅 계약 100건 이상 정부 지원 사업 (예비창업패키지 등) 성공: 정부 지원 사업 선정 및 성공적 수행 블로그 운영 경력: 20년 이상의 운영 노하우를 바탕으로, 언제든 블로그로 사업화 가능 상세 성과 (구체적 내용) 제조업 분야"&": 합성수지 제조업체를 연매출 100억 원 이상의 규모로 성장시켰습니다. 정책자금 분야: 제조업 법인과 농업 법인을 운영하며, 일반 법인부터 농업 법인에 이르기까지 수십억 원 이상의 다양한 정책자금과 정부 지원금을 유치했습니다. 특히, 다른 컨설턴트들이 쉽게 유치하지 못했던 자금까지 성공적으로 확보한 경험을 보유하고 있습니다. 컨설팅 분야: 현재 운영 중인 컨설팅 업체(신자원, 하나경제)를 통해 월 5천만 원 이상의 꾸준한 수익을 창출하고 있으며,"&" 정책자금 및 마케팅 컨설팅 분야에서 100건 이상의 누적 계약을 달성했습니다. 정부지원사업 분야: 예비창업패키지를 포함한 정부 지원 사업에 성공적으로 선정하고 사업을 성공적으로 이끌었습니다. 이는 단순한 이론이 아닌, 실질적인 사업화 노하우를 바탕으로 이루어낸 성과입니다.") -> 합성수지 제조업체 운영: 연매출 100억 이상 달성 농업법인 운영: 축산업관련 법인으로 유통업으로 1년만에 연매출 20억 달성 컨설팅 업체 (신자원, 하나경제) 운영: 월 매출 5천만 원 이상 달성 및 누적 컨설팅 계약 100건 이상 정부 지원 사업 (예비창업패키지 등) 성공: 정부 지원 사업 선정 및 성공적 수행 블로그 운영 경력: 20년 이상의 운영 노하우를 바탕으로, 언제든 블로그로 사업화 가능 상세 성과 (구체적 내용) 제조업 분야: 합성수지 제조업체를 연매출 100억 원 이상의 규모로 성장시켰습니다. 정책자금 분야: 제조업 법인과 농업 법인을 운영하며, 일반 법인부터 농업 법인에 이르기까지 수십억 원 이상의 다양한 정책자금과 정부 지원금을 유치했습니다. 특히, 다른 컨설턴트들이 쉽게 유치하지 못했던 자금까지 성공적으로 확보한 경험을 보유하고 있습니다. 컨설팅 분야: 현재 운영 중인 컨설팅 업체(신자원, 하나경제)를 통해 월 5천만 원 이상의 꾸준한 수익을 창출하고 있으며, 정책자금 및 마케팅 컨설팅 분야에서 100건 이상의 누적 계약을 달성했습니다. 정부지원사업 분야: 예비창업패키지를 포함한 정부 지원 사업에 성공적으로 선정하고 사업을 성공적으로 이끌었습니다. 이는 단순한 이론이 아닌, 실질적인 사업화 노하우를 바탕으로 이루어낸 성과입니다. | K32: =IFERROR(__xludf.DUMMYFUNCTION("""COMPUTED_VALUE"""),"첫수강중에 실제 600만원 이상 달성 ") -> 첫수강중에 실제 600만원 이상 달성 | L32: =IFERROR(__xludf.DUMMYFUNCTION("""COMPUTED_VALUE"""),"1단계: 정책자금을 영업의 '최고 무기'로 활용하기 '공짜 마케팅'으로 고객 유치: ""정책자금 컨설팅, 첫 상담은 무료입니다""와 같은 문구로 잠재 고객(소상공인, 예비 창업자)을 쉽게 끌어모을 수 있습니다. 이들을 대상으로 정책자금의 종류, 신청 절차, 성공 사례 등을 설명하며 신뢰를 쌓고 잠재 고객 리스트를 확보합니다. '솔루션 제안'으로 계약 성사율 높이기: 정책자금 컨설팅을 진행하며 자연스럽게 고객의 사업 현황과 마케팅 고민을 파악합니다"&". 사장님, 정책자금을 받으시면 가게 홍보 비용 걱정 없이 플레이스 마케팅을 시작할 수 있습니다와 같이, 정책자금 활용 방안에 플레이스 마케팅을 포함시켜 제안합니다. 이는 고객의 가장 큰 고민인 '돈' 문제를 해결해주는 동시에, 두 번째 수익 모델인 플레이스 마케팅 계약을 자연스럽게 유도하는 최고의 영업 방법입니다. 2단계: 확보한 자금으로 '플레이스 마케팅 대행' 수익 올리기 '자금'을 '서비스 비용'으로 전환: 정책자금을 받은 고객은 이제 마케"&"팅 비용에 대한 부담이 줄어들게 됩니다. 이 자금을 활용하여 고객에게 최적화된 플레이스 관리 서비스를 유료로 제공합니다. 이는 고객에게는 사업 자금으로 마케팅을 해결하는 것이고, 자신에게는 안정적인 수익을 창출하는 윈윈(Win-Win) 모델입니다. '결과'로 추가 계약 유도: 고객의 플레이스 순위와 방문자 수, 매출 등 가시적인 성과를 보여줍니다. 만족한 고객은 추가적으로 다른 마케팅 컨설팅을 의뢰하거나, 다른 사업자에게 추천하여 또 다른 고객을"&" 만들어 줍니다. 이는 별도의 영업 노력 없이도 계속해서 수익을 확장할 수 있는 선순환 구조를 만들어 줍니다. 이 부업 모델은 단순한 컨설팅이나 대행업을 넘어,자금 확보와'매출 증대라는 두 가지 핵심적인 사업 문제를 동시에 해결해주는 강력한 솔루션을 제공한다는 점에서 일반적인 부업과는 차원이 다릅니다.") -> 1단계: 정책자금을 영업의 '최고 무기'로 활용하기 '공짜 마케팅'으로 고객 유치: "정책자금 컨설팅, 첫 상담은 무료입니다"와 같은 문구로 잠재 고객(소상공인, 예비 창업자)을 쉽게 끌어모을 수 있습니다. 이들을 대상으로 정책자금의 종류, 신청 절차, 성공 사례 등을 설명하며 신뢰를 쌓고 잠재 고객 리스트를 확보합니다. '솔루션 제안'으로 계약 성사율 높이기: 정책자금 컨설팅을 진행하며 자연스럽게 고객의 사업 현황과 마케팅 고민을 파악합니다. 사장님, 정책자금을 받으시면 가게 홍보 비용 걱정 없이 플레이스 마케팅을 시작할 수 있습니다와 같이, 정책자금 활용 방안에 플레이스 마케팅을 포함시켜 제안합니다. 이는 고객의 가장 큰 고민인 '돈' 문제를 해결해주는 동시에, 두 번째 수익 모델인 플레이스 마케팅 계약을 자연스럽게 유도하는 최고의 영업 방법입니다. 2단계: 확보한 자금으로 '플레이스 마케팅 대행' 수익 올리기 '자금'을 '서비스 비용'으로 전환: 정책자금을 받은 고객은 이제 마케팅 비용에 대한 부담이 줄어들게 됩니다. 이 자금을 활용하여 고객에게 최적화된 플레이스 관리 서비스를 유료로 제공합니다. 이는 고객에게는 사업 자금으로 마케팅을 해결하는 것이고, 자신에게는 안정적인 수익을 창출하는 윈윈(Win-Win) 모델입니다. '결과'로 추가 계약 유도: 고객의 플레이스 순위와 방문자 수, 매출 등 가시적인 성과를 보여줍니다. 만족한 고객은 추가적으로 다른 마케팅 컨설팅을 의뢰하거나, 다른 사업자에게 추천하여 또 다른 고객을 만들어 줍니다. 이는 별도의 영업 노력 없이도 계속해서 수익을 확장할 수 있는 선순환 구조를 만들어 줍니다. 이 부업 모델은 단순한 컨설팅이나 대행업을 넘어,자금 확보와'매출 증대라는 두 가지 핵심적인 사업 문제를 동시에 해결해주는 강력한 솔루션을 제공한다는 점에서 일반적인 부업과는 차원이 다릅니다. | M32: 확인완료
A33: 29 | B33: =IFERROR(__xludf.DUMMYFUNCTION("""COMPUTED_VALUE"""),45926.81649912037) -> 45926.817 | C33: =IFERROR(__xludf.DUMMYFUNCTION("""COMPUTED_VALUE"""),"ericandlim1995@gmail.com") -> ericandlim1995@gmail.com | D33: =IFERROR(__xludf.DUMMYFUNCTION("""COMPUTED_VALUE"""),"임재윤") -> 임재윤 | E33: =IFERROR(__xludf.DUMMYFUNCTION("""COMPUTED_VALUE"""),"녹스") -> 녹스 | F33: =IFERROR(__xludf.DUMMYFUNCTION("""COMPUTED_VALUE"""),"01071025349") -> 01071025349 | G33: =IFERROR(__xludf.DUMMYFUNCTION("""COMPUTED_VALUE"""),"https://soomgo.com/profile/users/7673445") -> https://soomgo.com/profile/users/7673445 | H33: =IFERROR(__xludf.DUMMYFUNCTION("""COMPUTED_VALUE"""),"유튜브 마케팅 방법, 유튜브로 성공하는 방법, 인플루언서로 성공하는 방법등") -> 유튜브 마케팅 방법, 유튜브로 성공하는 방법, 인플루언서로 성공하는 방법등 | I33: =IFERROR(__xludf.DUMMYFUNCTION("""COMPUTED_VALUE"""),"지인분의 추천으로 지원하게 되었습니다. 200만 구독자 PD, MCN 샌드박스 출신, 현재 유튜브 컨설팅 대표로 운영중에 있습니다") -> 지인분의 추천으로 지원하게 되었습니다. 200만 구독자 PD, MCN 샌드박스 출신, 현재 유튜브 컨설팅 대표로 운영중에 있습니다 | J33: =IFERROR(__xludf.DUMMYFUNCTION("""COMPUTED_VALUE"""),"12년간의 유튜브 활동, MCN샌드박스의 PD 및 200명 이상 컨설팅, 4000건의 영상 편집 경험") -> 12년간의 유튜브 활동, MCN샌드박스의 PD 및 200명 이상 컨설팅, 4000건의 영상 편집 경험 | K33: =IFERROR(__xludf.DUMMYFUNCTION("""COMPUTED_VALUE"""),"✓ 0명 게임 유튜버 -> 15만명 달성 경험(1년 소요) ✓ 1천명 게임 유튜버 -> 5배증가 및 파트너 크리에이터 채결 (반년 소요) ✓ 7만명 게임 유튜버 -> 현 15만명 달성 및 외주 광고 채결 (4개월 소요) ✓ 40만 헬스 유튜버 -> 지속적인 채널 상담 및 매출 증가 (현재 진행중) ✓ 그 외 약 100명이상 컨설팅 진행") -> ✓ 0명 게임 유튜버 -> 15만명 달성 경험(1년 소요) ✓ 1천명 게임 유튜버 -> 5배증가 및 파트너 크리에이터 채결 (반년 소요) ✓ 7만명 게임 유튜버 -> 현 15만명 달성 및 외주 광고 채결 (4개월 소요) ✓ 40만 헬스 유튜버 -> 지속적인 채널 상담 및 매출 증가 (현재 진행중) ✓ 그 외 약 100명이상 컨설팅 진행 | L33: =IFERROR(__xludf.DUMMYFUNCTION("""COMPUTED_VALUE"""),"유튜브를 통해 마케팅 하는 지식 습득, 부업으로 유튜버로 돈을 버는 방법") -> 유튜브를 통해 마케팅 하는 지식 습득, 부업으로 유튜버로 돈을 버는 방법 | M33: 확인완료
A34: 30 | B34: =IFERROR(__xludf.DUMMYFUNCTION("""COMPUTED_VALUE"""),45931.43357140046) -> 45931.434 | C34: =IFERROR(__xludf.DUMMYFUNCTION("""COMPUTED_VALUE"""),"nocomplex0523@gmail.com") -> nocomplex0523@gmail.com | D34: =IFERROR(__xludf.DUMMYFUNCTION("""COMPUTED_VALUE"""),"민지웅") -> 민지웅 | E34: =IFERROR(__xludf.DUMMYFUNCTION("""COMPUTED_VALUE"""),"유캔몰") -> 유캔몰 | F34: =IFERROR(__xludf.DUMMYFUNCTION("""COMPUTED_VALUE"""),"010-9348-7163") -> 010-9348-7163 | G34: =IFERROR(__xludf.DUMMYFUNCTION("""COMPUTED_VALUE"""),"정영민tv 패션전문강사 발탁되었는데요 별세하셔서 마무리됫네요") -> 정영민tv 패션전문강사 발탁되었는데요 별세하셔서 마무리됫네요 | H34: =IFERROR(__xludf.DUMMYFUNCTION("""COMPUTED_VALUE"""),"패션쪽 모든플랫폼 상위셀러만드는 방법") -> 패션쪽 모든플랫폼 상위셀러만드는 방법 | I34: =IFERROR(__xludf.DUMMYFUNCTION("""COMPUTED_VALUE"""),"1:1컨설팅만하다가 이제 준비가되었다생각해서 제대로 강사로 성공하고싶어서 지원하게되었구요 저는 100평대쇼핑몰에서 직원들과 운영하면 창업10개월이후부터 4년쨰 억대매출이고 하이버기준은 전국5위 네이버는빅파워 4년째계속 4910또한 상위셀러 쿠팡도 3달만에 5천300매출달성 했습니다 그리고 저는 중국도매대표이기도해서 소싱부터가 돈을벌수밖에없는 치트키가 존재합니다.") -> 1:1컨설팅만하다가 이제 준비가되었다생각해서 제대로 강사로 성공하고싶어서 지원하게되었구요 저는 100평대쇼핑몰에서 직원들과 운영하면 창업10개월이후부터 4년쨰 억대매출이고 하이버기준은 전국5위 네이버는빅파워 4년째계속 4910또한 상위셀러 쿠팡도 3달만에 5천300매출달성 했습니다 그리고 저는 중국도매대표이기도해서 소싱부터가 돈을벌수밖에없는 치트키가 존재합니다. | J34: =IFERROR(__xludf.DUMMYFUNCTION("""COMPUTED_VALUE"""),"쇼핑몰로 월3억매출 연16억매출 그리고 수강생중 상반기만 10억매출달") -> 쇼핑몰로 월3억매출 연16억매출 그리고 수강생중 상반기만 10억매출달 | K34: =IFERROR(__xludf.DUMMYFUNCTION("""COMPUTED_VALUE"""),"상반기매출만 10억 달성") -> 상반기매출만 10억 달성 | L34: =IFERROR(__xludf.DUMMYFUNCTION("""COMPUTED_VALUE"""),"패션쇼핑몰 A-Z모든걸 가르쳐드릴수있습니다(저는 모든플랫폼을 다 다를줄알기때문에요) 매출500보장도 가능할듯합니다.") -> 패션쇼핑몰 A-Z모든걸 가르쳐드릴수있습니다(저는 모든플랫폼을 다 다를줄알기때문에요) 매출500보장도 가능할듯합니다. | M34: 확인완료
A35: 31 | B35: =IFERROR(__xludf.DUMMYFUNCTION("""COMPUTED_VALUE"""),45932.79943085648) -> 45932.799 | C35: =IFERROR(__xludf.DUMMYFUNCTION("""COMPUTED_VALUE"""),"333goldmund@gmail.com") -> 333goldmund@gmail.com | D35: =IFERROR(__xludf.DUMMYFUNCTION("""COMPUTED_VALUE"""),"심길후") -> 심길후 | E35: =IFERROR(__xludf.DUMMYFUNCTION("""COMPUTED_VALUE"""),"심길후") -> 심길후 | F35: =IFERROR(__xludf.DUMMYFUNCTION("""COMPUTED_VALUE"""),"010-2677-5394") -> 010-2677-5394 | G35: =IFERROR(__xludf.DUMMYFUNCTION("""COMPUTED_VALUE"""),"https://korbiz.creatorlink.net/온라인-강의-결제/view/5163961 https://cafe.naver.com/wwwxodls77/525418 https://cafe.naver.com/wwwxodls77/522305") -> https://korbiz.creatorlink.net/온라인-강의-결제/view/5163961 https://cafe.naver.com/wwwxodls77/525418 https://cafe.naver.com/wwwxodls77/522305 | H35: =IFERROR(__xludf.DUMMYFUNCTION("""COMPUTED_VALUE"""),"1. 평범한 애견훈련소장이 개통령이 되게 만든 아이템 리빌딩! 2. 단 한 번의 거절도 없이 판매할 수 있다!") -> 1. 평범한 애견훈련소장이 개통령이 되게 만든 아이템 리빌딩! 2. 단 한 번의 거절도 없이 판매할 수 있다! | I35: =IFERROR(__xludf.DUMMYFUNCTION("""COMPUTED_VALUE"""),"""우리는 사람을 살린다"", 저희 한국비즈니스협회가 추구하는 사업 이념입니다! 20년 넘는 시간 동안 사업컨설팅을 하면서, 많은 스타사업가들을 양성하고, 현재에도 이름만 대면 알 만한 사업가들이 저희 협회 출신이거나, 관련이 있는 분들이 많이 계실 정도로 업계에서, 많은 분들을 도와드리며, 영업인, 자영업자 소상공인들의 삶에 큰 보탬이 되었다고 생각합니다. 이번 제휴를 통해 요즘의 불경기를 이기고, 보다 많은 분들이 체계적인 시스템을 갖추고, 어려움"&"으로부터 소생할 수 있는 기회를 서로 가져 보며, 풍요로운 인생을 만들어, 주위를 행복하게 만들었으면 좋겠고, 불황인 현실속에서 변화의 첫 단추를 여는 길이 되기를 바랍니다!") -> "우리는 사람을 살린다", 저희 한국비즈니스협회가 추구하는 사업 이념입니다! 20년 넘는 시간 동안 사업컨설팅을 하면서, 많은 스타사업가들을 양성하고, 현재에도 이름만 대면 알 만한 사업가들이 저희 협회 출신이거나, 관련이 있는 분들이 많이 계실 정도로 업계에서, 많은 분들을 도와드리며, 영업인, 자영업자 소상공인들의 삶에 큰 보탬이 되었다고 생각합니다. 이번 제휴를 통해 요즘의 불경기를 이기고, 보다 많은 분들이 체계적인 시스템을 갖추고, 어려움으로부터 소생할 수 있는 기회를 서로 가져 보며, 풍요로운 인생을 만들어, 주위를 행복하게 만들었으면 좋겠고, 불황인 현실속에서 변화의 첫 단추를 여는 길이 되기를 바랍니다! | J35: =IFERROR(__xludf.DUMMYFUNCTION("""COMPUTED_VALUE"""),"다양한 업종의 영업인들과 사업가들을 대상으로 한 컨설팅 경력 20년 이상, 월 억 이상 사업가 50명 이상 배출") -> 다양한 업종의 영업인들과 사업가들을 대상으로 한 컨설팅 경력 20년 이상, 월 억 이상 사업가 50명 이상 배출 | K35: =IFERROR(__xludf.DUMMYFUNCTION("""COMPUTED_VALUE"""),"대표 수강생: 보듬컴퍼니 강형욱 소장(대한민국 개통령), 아들연구소 최민준 소장(자라다 미술학원 전국 60개 이상 체인 구축), 강남빌딩 황준석 소장(월 순수익 10억 이상 달성)") -> 대표 수강생: 보듬컴퍼니 강형욱 소장(대한민국 개통령), 아들연구소 최민준 소장(자라다 미술학원 전국 60개 이상 체인 구축), 강남빌딩 황준석 소장(월 순수익 10억 이상 달성) | L35: =IFERROR(__xludf.DUMMYFUNCTION("""COMPUTED_VALUE"""),"1. 내 사업에 접목시켜서 온리원이 되고, 경쟁에서 벗어나 효율적으로 매출이 나오는 사업 시스템 구축 2. 영업사원과 1인사업가들을 위한 대면・비대면 상담에서의 계약 확률 상승") -> 1. 내 사업에 접목시켜서 온리원이 되고, 경쟁에서 벗어나 효율적으로 매출이 나오는 사업 시스템 구축 2. 영업사원과 1인사업가들을 위한 대면・비대면 상담에서의 계약 확률 상승 | M35: 확인완료
A36: 32 | B36: =IFERROR(__xludf.DUMMYFUNCTION("""COMPUTED_VALUE"""),45936.92423725694) -> 45936.924 | C36: =IFERROR(__xludf.DUMMYFUNCTION("""COMPUTED_VALUE"""),"soldnh@gmail.com") -> soldnh@gmail.com | D36: =IFERROR(__xludf.DUMMYFUNCTION("""COMPUTED_VALUE"""),"박종호") -> 박종호 | E36: =IFERROR(__xludf.DUMMYFUNCTION("""COMPUTED_VALUE"""),"강남박공") -> 강남박공 | F36: =IFERROR(__xludf.DUMMYFUNCTION("""COMPUTED_VALUE"""),"010-4729-5612") -> 010-4729-5612 | G36: =IFERROR(__xludf.DUMMYFUNCTION("""COMPUTED_VALUE"""),"있음(""있음""을 체크하셨다면, 기타에 강의를 진행하고 계신 사이트의 링크 넣어주세요)") -> 있음("있음"을 체크하셨다면, 기타에 강의를 진행하고 계신 사이트의 링크 넣어주세요) | H36: =IFERROR(__xludf.DUMMYFUNCTION("""COMPUTED_VALUE"""),"1. 거시경제와 데이터로 찾아내는 아파트 매수매도타이밍") -> 1. 거시경제와 데이터로 찾아내는 아파트 매수매도타이밍 | I36: =IFERROR(__xludf.DUMMYFUNCTION("""COMPUTED_VALUE"""),"안녕하세요. 강남박공입니다. 저는 23살에 공인중개사 자격을 취득해 7년이 넘는 기간 동안 부동산중개업을 해왔으며, 현재는 아파트 투자강사 및 지역분석 컨설턴트로 활동하고 있습니다. 어릴적부터 꿈이 선생님이었어서 그런지 저의 인사이트를 나누고 수강생을 리드하는 부분에 확실한 매력을 느끼고 있습니다. 평소 자주 접하던 핏크닉 귀사의 광고와 운영 스타일이 굉장히 매력있다고 생각하여 강사 지원을 하게 되었습니다. 저의 장점은 기존 부동산 투자 강의와는 다르게"&" 무차별적 임장과 성공 마인드셋으로 강요하는 강의가 아닙니다. 실제 투자에 써먹을 수 있는 아파트라는 자산에 대한 이해와 매수매도타이밍을 잡는 법을 정리해서 가르치려 노력하고 있습니다. 다소 쓸 수 있는 칸이 적어 자세한 커리큘럼과 내용은 제가 남겨드리는 강의 상세페이지를 참고해주시면 감사하겠습니다!") -> 안녕하세요. 강남박공입니다. 저는 23살에 공인중개사 자격을 취득해 7년이 넘는 기간 동안 부동산중개업을 해왔으며, 현재는 아파트 투자강사 및 지역분석 컨설턴트로 활동하고 있습니다. 어릴적부터 꿈이 선생님이었어서 그런지 저의 인사이트를 나누고 수강생을 리드하는 부분에 확실한 매력을 느끼고 있습니다. 평소 자주 접하던 핏크닉 귀사의 광고와 운영 스타일이 굉장히 매력있다고 생각하여 강사 지원을 하게 되었습니다. 저의 장점은 기존 부동산 투자 강의와는 다르게 무차별적 임장과 성공 마인드셋으로 강요하는 강의가 아닙니다. 실제 투자에 써먹을 수 있는 아파트라는 자산에 대한 이해와 매수매도타이밍을 잡는 법을 정리해서 가르치려 노력하고 있습니다. 다소 쓸 수 있는 칸이 적어 자세한 커리큘럼과 내용은 제가 남겨드리는 강의 상세페이지를 참고해주시면 감사하겠습니다! | J36: =IFERROR(__xludf.DUMMYFUNCTION("""COMPUTED_VALUE"""),"대표적인 수익만 기록해드리겠습니다. 하락장에서 1. 지방 아파트 갭투자: 2,500만 원 투자 → 현재 7,500만 원 이상 수익 중 2.수도권 아파트 갭투자: 3,000만 원 투자 → 6,000만 원 수익 실현 / 현재 서울 신축 아파트: 최근 실매수 완료, 사이클 분석을 통한 진입") -> 대표적인 수익만 기록해드리겠습니다. 하락장에서 1. 지방 아파트 갭투자: 2,500만 원 투자 → 현재 7,500만 원 이상 수익 중 2.수도권 아파트 갭투자: 3,000만 원 투자 → 6,000만 원 수익 실현 / 현재 서울 신축 아파트: 최근 실매수 완료, 사이클 분석을 통한 진입 | K36: =IFERROR(__xludf.DUMMYFUNCTION("""COMPUTED_VALUE"""),"1. 수강생 중 서울 상급지로 갈아타기 완료하여 현재 1년 채 안된 기간에 1억 이상 수익 중") -> 1. 수강생 중 서울 상급지로 갈아타기 완료하여 현재 1년 채 안된 기간에 1억 이상 수익 중 | L36: =IFERROR(__xludf.DUMMYFUNCTION("""COMPUTED_VALUE"""),"1. 아파트라는 자산에 대한 정확한 이해 2. 아파트 매수매도타이밍 선별방법 3. 투자할 지역을 빠르게 찾는 스킬 등") -> 1. 아파트라는 자산에 대한 정확한 이해 2. 아파트 매수매도타이밍 선별방법 3. 투자할 지역을 빠르게 찾는 스킬 등 | M36: 확인완료
A37: 33 | B37: =IFERROR(__xludf.DUMMYFUNCTION("""COMPUTED_VALUE"""),45947.50889023148) -> 45947.509 | C37: =IFERROR(__xludf.DUMMYFUNCTION("""COMPUTED_VALUE"""),"co2kin1001@gmail.com") -> co2kin1001@gmail.com | D37: =IFERROR(__xludf.DUMMYFUNCTION("""COMPUTED_VALUE"""),"김영운") -> 김영운 | E37: =IFERROR(__xludf.DUMMYFUNCTION("""COMPUTED_VALUE"""),"알라딘") -> 알라딘 | F37: =IFERROR(__xludf.DUMMYFUNCTION("""COMPUTED_VALUE"""),"010-5130-3588") -> 010-5130-3588 | G37: =IFERROR(__xludf.DUMMYFUNCTION("""COMPUTED_VALUE"""),"없음") -> 없음 | H37: =IFERROR(__xludf.DUMMYFUNCTION("""COMPUTED_VALUE"""),"1번과 2번 함께 하고 싶네요") -> 1번과 2번 함께 하고 싶네요 | I37: =IFERROR(__xludf.DUMMYFUNCTION("""COMPUTED_VALUE"""),"나의 꿈인 세일링 요트를 위해, 배우는 것 좋아 합니다. 그러나 조금 이해 조금 늦려요") -> 나의 꿈인 세일링 요트를 위해, 배우는 것 좋아 합니다. 그러나 조금 이해 조금 늦려요 | J37: =IFERROR(__xludf.DUMMYFUNCTION("""COMPUTED_VALUE"""),"1,2번 모두 해보고 싶습니다.") -> 1,2번 모두 해보고 싶습니다. | K37: =IFERROR(__xludf.DUMMYFUNCTION("""COMPUTED_VALUE"""),"2번은 경매 경험 있음") -> 2번은 경매 경험 있음 | L37: =IFERROR(__xludf.DUMMYFUNCTION("""COMPUTED_VALUE"""),"쿠팡 부업으로 순이익 창출") -> 쿠팡 부업으로 순이익 창출 | M37: 확인완료
A38: 34 | B38: =IFERROR(__xludf.DUMMYFUNCTION("""COMPUTED_VALUE"""),45967.744274537035) -> 45967.744 | C38: =IFERROR(__xludf.DUMMYFUNCTION("""COMPUTED_VALUE"""),"ssunghyun0919@gmail.com") -> ssunghyun0919@gmail.com | D38: =IFERROR(__xludf.DUMMYFUNCTION("""COMPUTED_VALUE"""),"송성현 테스트") -> 송성현 테스트 | E38: =IFERROR(__xludf.DUMMYFUNCTION("""COMPUTED_VALUE"""),"테스트") -> 테스트 | F38: =IFERROR(__xludf.DUMMYFUNCTION("""COMPUTED_VALUE"""),"01092077668") -> 01092077668 | G38: =IFERROR(__xludf.DUMMYFUNCTION("""COMPUTED_VALUE"""),"없음") -> 없음 | H38: =IFERROR(__xludf.DUMMYFUNCTION("""COMPUTED_VALUE"""),"1. 구매대행과 AI를 활용한 수익화 방법") -> 1. 구매대행과 AI를 활용한 수익화 방법 | I38: =IFERROR(__xludf.DUMMYFUNCTION("""COMPUTED_VALUE"""),"ㅁㅁ") -> ㅁㅁ | J38: =IFERROR(__xludf.DUMMYFUNCTION("""COMPUTED_VALUE"""),"ㅁㅁ") -> ㅁㅁ | K38: =IFERROR(__xludf.DUMMYFUNCTION("""COMPUTED_VALUE"""),"ㅁㅁ") -> ㅁㅁ | L38: =IFERROR(__xludf.DUMMYFUNCTION("""COMPUTED_VALUE"""),"ㅁㅁ") -> ㅁㅁ | M38: 확인완료
A39: 35 | B39: =IFERROR(__xludf.DUMMYFUNCTION("""COMPUTED_VALUE"""),45994.67694289352) -> 45994.677 | C39: =IFERROR(__xludf.DUMMYFUNCTION("""COMPUTED_VALUE"""),"9resap@gmail.com") -> 9resap@gmail.com | D39: =IFERROR(__xludf.DUMMYFUNCTION("""COMPUTED_VALUE"""),"이경원") -> 이경원 | E39: =IFERROR(__xludf.DUMMYFUNCTION("""COMPUTED_VALUE"""),"구리삽") -> 구리삽 | F39: =IFERROR(__xludf.DUMMYFUNCTION("""COMPUTED_VALUE"""),"01025999244") -> 01025999244 | G39: =IFERROR(__xludf.DUMMYFUNCTION("""COMPUTED_VALUE"""),"플랫폼에서는 진행한 적 없고, 유튜브를 통해 수강생을 모집하고 있습니다. https://www.youtube.com/@9resap") -> 플랫폼에서는 진행한 적 없고, 유튜브를 통해 수강생을 모집하고 있습니다. https://www.youtube.com/@9resap | H39: =IFERROR(__xludf.DUMMYFUNCTION("""COMPUTED_VALUE"""),"중국구매대행 대량수동 방식으로 고매출 & 지속적인 유지 방법") -> 중국구매대행 대량수동 방식으로 고매출 & 지속적인 유지 방법 | I39: =IFERROR(__xludf.DUMMYFUNCTION("""COMPUTED_VALUE"""),"강사의 본질은 수강생의 성과입니다. 월 매출 7억에 근접한 수강생을 배출했고, 월 억대 매출 수강생 비율은 약 20%입니다. 강의 품질과 코칭 역량에는 확신이 있습니다. 하지만 교육 상품 판매는 단순 홍보, 트래픽, 유입으로만 해결되지 않습니다. 체계적인 퍼널 설계, 전환을 이끄는 기획력이 핵심인 것을 알고 있습니다. 이 부분에서 확실한 전문가가 필요합니다") -> 강사의 본질은 수강생의 성과입니다. 월 매출 7억에 근접한 수강생을 배출했고, 월 억대 매출 수강생 비율은 약 20%입니다. 강의 품질과 코칭 역량에는 확신이 있습니다. 하지만 교육 상품 판매는 단순 홍보, 트래픽, 유입으로만 해결되지 않습니다. 체계적인 퍼널 설계, 전환을 이끄는 기획력이 핵심인 것을 알고 있습니다. 이 부분에서 확실한 전문가가 필요합니다 | J39: =IFERROR(__xludf.DUMMYFUNCTION("""COMPUTED_VALUE"""),"중국구매대행 월 매출 8억 달성") -> 중국구매대행 월 매출 8억 달성 | K39: =IFERROR(__xludf.DUMMYFUNCTION("""COMPUTED_VALUE"""),"월 매출 6.8억 수강생 배출/월 매출 2억이상 수강생 15명 배출/월 매출 1억이상 수강생 다수") -> 월 매출 6.8억 수강생 배출/월 매출 2억이상 수강생 15명 배출/월 매출 1억이상 수강생 다수 | L39: =IFERROR(__xludf.DUMMYFUNCTION("""COMPUTED_VALUE"""),"부업 기준, 하루 2~3시간으로 월 순수익 300만원") -> 부업 기준, 하루 2~3시간으로 월 순수익 300만원 | M39: 확인완료
A40: 36 | B40: =IFERROR(__xludf.DUMMYFUNCTION("""COMPUTED_VALUE"""),46002.97600638889) -> 46002.976 | C40: =IFERROR(__xludf.DUMMYFUNCTION("""COMPUTED_VALUE"""),"acesse2014@gmail.com") -> acesse2014@gmail.com | D40: =IFERROR(__xludf.DUMMYFUNCTION("""COMPUTED_VALUE"""),"김덕성") -> 김덕성 | E40: =IFERROR(__xludf.DUMMYFUNCTION("""COMPUTED_VALUE"""),"김덕성2625") -> 김덕성2625 | F40: =IFERROR(__xludf.DUMMYFUNCTION("""COMPUTED_VALUE"""),"01083162625") -> 01083162625 | G40: =IFERROR(__xludf.DUMMYFUNCTION("""COMPUTED_VALUE"""),"없음") -> 없음 | H40: =IFERROR(__xludf.DUMMYFUNCTION("""COMPUTED_VALUE"""),1.0) -> 1 | I40: =IFERROR(__xludf.DUMMYFUNCTION("""COMPUTED_VALUE"""),"시니어") -> 시니어 | J40: =IFERROR(__xludf.DUMMYFUNCTION("""COMPUTED_VALUE"""),1.0) -> 1 | K40: =IFERROR(__xludf.DUMMYFUNCTION("""COMPUTED_VALUE"""),1.0) -> 1 | L40: =IFERROR(__xludf.DUMMYFUNCTION("""COMPUTED_VALUE"""),1.0) -> 1 | M40: 확인완료
A41: 37 | B41: =IFERROR(__xludf.DUMMYFUNCTION("""COMPUTED_VALUE"""),46004.52564196759) -> 46004.526 | C41: =IFERROR(__xludf.DUMMYFUNCTION("""COMPUTED_VALUE"""),"newreviewer@naver.com") -> newreviewer@naver.com | D41: =IFERROR(__xludf.DUMMYFUNCTION("""COMPUTED_VALUE"""),"테스트") -> 테스트 | E41: =IFERROR(__xludf.DUMMYFUNCTION("""COMPUTED_VALUE"""),"테스트") -> 테스트 | F41: =IFERROR(__xludf.DUMMYFUNCTION("""COMPUTED_VALUE"""),"테스트") -> 테스트 | G41: =IFERROR(__xludf.DUMMYFUNCTION("""COMPUTED_VALUE"""),"없음") -> 없음 | H41: =IFERROR(__xludf.DUMMYFUNCTION("""COMPUTED_VALUE"""),"테스트") -> 테스트 | I41: =IFERROR(__xludf.DUMMYFUNCTION("""COMPUTED_VALUE"""),"테스트") -> 테스트 | J41: =IFERROR(__xludf.DUMMYFUNCTION("""COMPUTED_VALUE"""),"테스트") -> 테스트 | K41: =IFERROR(__xludf.DUMMYFUNCTION("""COMPUTED_VALUE"""),"테스트") -> 테스트 | L41: =IFERROR(__xludf.DUMMYFUNCTION("""COMPUTED_VALUE"""),"테스트") -> 테스트 | M41: 확인완료
A42: 38 | B42: =IFERROR(__xludf.DUMMYFUNCTION("""COMPUTED_VALUE"""),46006.54348929398) -> 46006.543 | C42: =IFERROR(__xludf.DUMMYFUNCTION("""COMPUTED_VALUE"""),"") | D42: =IFERROR(__xludf.DUMMYFUNCTION("""COMPUTED_VALUE"""),"송성현") -> 송성현 | E42: =IFERROR(__xludf.DUMMYFUNCTION("""COMPUTED_VALUE"""),"송성현") -> 송성현 | F42: =IFERROR(__xludf.DUMMYFUNCTION("""COMPUTED_VALUE"""),"01092077668") -> 01092077668 | G42: =IFERROR(__xludf.DUMMYFUNCTION("""COMPUTED_VALUE"""),"없음") -> 없음 | H42: =IFERROR(__xludf.DUMMYFUNCTION("""COMPUTED_VALUE"""),"테스트") -> 테스트 | I42: =IFERROR(__xludf.DUMMYFUNCTION("""COMPUTED_VALUE"""),"테스트") -> 테스트 | J42: =IFERROR(__xludf.DUMMYFUNCTION("""COMPUTED_VALUE"""),"테스트") -> 테스트 | K42: =IFERROR(__xludf.DUMMYFUNCTION("""COMPUTED_VALUE"""),"테스트") -> 테스트 | L42: =IFERROR(__xludf.DUMMYFUNCTION("""COMPUTED_VALUE"""),"테스트") -> 테스트 | M42: 확인완료
A43: 39 | B43: =IFERROR(__xludf.DUMMYFUNCTION("""COMPUTED_VALUE"""),46013.61758815972) -> 46013.618 | C43: =IFERROR(__xludf.DUMMYFUNCTION("""COMPUTED_VALUE"""),"") | D43: =IFERROR(__xludf.DUMMYFUNCTION("""COMPUTED_VALUE"""),"윤석희") -> 윤석희 | E43: =IFERROR(__xludf.DUMMYFUNCTION("""COMPUTED_VALUE"""),"없음") -> 없음 | F43: =IFERROR(__xludf.DUMMYFUNCTION("""COMPUTED_VALUE"""),"01056346651") -> 01056346651 | G43: =IFERROR(__xludf.DUMMYFUNCTION("""COMPUTED_VALUE"""),"없음") -> 없음 | H43: =IFERROR(__xludf.DUMMYFUNCTION("""COMPUTED_VALUE"""),"브랜드유통 부동산급매 잡기") -> 브랜드유통 부동산급매 잡기 | I43: =IFERROR(__xludf.DUMMYFUNCTION("""COMPUTED_VALUE"""),"퍼스널브랜딩 및 돈 벌기") -> 퍼스널브랜딩 및 돈 벌기 | J43: =IFERROR(__xludf.DUMMYFUNCTION("""COMPUTED_VALUE"""),"브랜드유통 월 억대매출 서울빌라 3채 경매보다 싸게 0원에 삿음. ") -> 브랜드유통 월 억대매출 서울빌라 3채 경매보다 싸게 0원에 삿음. | K43: =IFERROR(__xludf.DUMMYFUNCTION("""COMPUTED_VALUE"""),"주변지인 알려줘서 브랜드유통 월순수익 300 500 등 달성") -> 주변지인 알려줘서 브랜드유통 월순수익 300 500 등 달성 | L43: =IFERROR(__xludf.DUMMYFUNCTION("""COMPUTED_VALUE"""),"브랜드유통으로 돈 벌기. 경매보다 편하고 저렴하게 빌라급매 매매하기.") -> 브랜드유통으로 돈 벌기. 경매보다 편하고 저렴하게 빌라급매 매매하기. | M43: 확인완료
A44: 40 | B44: =IFERROR(__xludf.DUMMYFUNCTION("""COMPUTED_VALUE"""),46016.55118501157) -> 46016.551 | C44: =IFERROR(__xludf.DUMMYFUNCTION("""COMPUTED_VALUE"""),"") | D44: =IFERROR(__xludf.DUMMYFUNCTION("""COMPUTED_VALUE"""),"최영민") -> 최영민 | E44: =IFERROR(__xludf.DUMMYFUNCTION("""COMPUTED_VALUE"""),"걸리버") -> 걸리버 | F44: =IFERROR(__xludf.DUMMYFUNCTION("""COMPUTED_VALUE"""),"01030114207") -> 01030114207 | G44: =IFERROR(__xludf.DUMMYFUNCTION("""COMPUTED_VALUE"""),"있음(""있음""을 체크하셨다면, 기타에 강의를 진행하고 계신 사이트의 링크 넣어주세요)") -> 있음("있음"을 체크하셨다면, 기타에 강의를 진행하고 계신 사이트의 링크 넣어주세요) | H44: =IFERROR(__xludf.DUMMYFUNCTION("""COMPUTED_VALUE"""),"Ai을 이용한 시니어 드라마 수익화 강의") -> Ai을 이용한 시니어 드라마 수익화 강의 | I44: =IFERROR(__xludf.DUMMYFUNCTION("""COMPUTED_VALUE"""),"유튜브 채널 수익화") -> 유튜브 채널 수익화 | J44: =IFERROR(__xludf.DUMMYFUNCTION("""COMPUTED_VALUE"""),"강의용 어플 30개 제작 현재 사용 중 홈피 직접 구축 ") -> 강의용 어플 30개 제작 현재 사용 중 홈피 직접 구축 | K44: =IFERROR(__xludf.DUMMYFUNCTION("""COMPUTED_VALUE"""),"전자책 네이버 스토어 ,카카오 쇼핑, 크몽 강의 및 전자책 ") -> 전자책 네이버 스토어 ,카카오 쇼핑, 크몽 강의 및 전자책 | L44: =IFERROR(__xludf.DUMMYFUNCTION("""COMPUTED_VALUE"""),"유튜브 수창의길 확보") -> 유튜브 수창의길 확보 | M44: 확인완료
A45: 41 | B45: =IFERROR(__xludf.DUMMYFUNCTION("""COMPUTED_VALUE"""),46018.69777741898) -> 46018.698 | C45: =IFERROR(__xludf.DUMMYFUNCTION("""COMPUTED_VALUE"""),"") | D45: =IFERROR(__xludf.DUMMYFUNCTION("""COMPUTED_VALUE"""),"임현숙") -> 임현숙 | E45: =IFERROR(__xludf.DUMMYFUNCTION("""COMPUTED_VALUE"""),"노루") -> 노루 | F45: =IFERROR(__xludf.DUMMYFUNCTION("""COMPUTED_VALUE"""),"01099009031") -> 01099009031 | G45: =IFERROR(__xludf.DUMMYFUNCTION("""COMPUTED_VALUE"""),"없음") -> 없음 | H45: =IFERROR(__xludf.DUMMYFUNCTION("""COMPUTED_VALUE"""),1.0) -> 1 | I45: =IFERROR(__xludf.DUMMYFUNCTION("""COMPUTED_VALUE"""),"잘할수 있을 거 같습니다.") -> 잘할수 있을 거 같습니다. | J45: =IFERROR(__xludf.DUMMYFUNCTION("""COMPUTED_VALUE"""),"20억") -> 20억 | L45: =IFERROR(__xludf.DUMMYFUNCTION("""COMPUTED_VALUE"""),"쿠팡 300만원") -> 쿠팡 300만원 | M45: 확인완료
A46: 42 | B46: =IFERROR(__xludf.DUMMYFUNCTION("""COMPUTED_VALUE"""),46027.471175196755) -> 46027.471 | C46: =IFERROR(__xludf.DUMMYFUNCTION("""COMPUTED_VALUE"""),"") | D46: =IFERROR(__xludf.DUMMYFUNCTION("""COMPUTED_VALUE"""),"김지운") -> 김지운 | E46: =IFERROR(__xludf.DUMMYFUNCTION("""COMPUTED_VALUE"""),"썸머김") -> 썸머김 | F46: =IFERROR(__xludf.DUMMYFUNCTION("""COMPUTED_VALUE"""),"01030424779") -> 01030424779 | G46: =IFERROR(__xludf.DUMMYFUNCTION("""COMPUTED_VALUE"""),"없음") -> 없음 | H46: =IFERROR(__xludf.DUMMYFUNCTION("""COMPUTED_VALUE"""),1.0) -> 1 | I46: =IFERROR(__xludf.DUMMYFUNCTION("""COMPUTED_VALUE"""),"소개") -> 소개 | J46: =IFERROR(__xludf.DUMMYFUNCTION("""COMPUTED_VALUE"""),1.0) -> 1 | K46: =IFERROR(__xludf.DUMMYFUNCTION("""COMPUTED_VALUE"""),1.0) -> 1 | L46: =IFERROR(__xludf.DUMMYFUNCTION("""COMPUTED_VALUE"""),1.0) -> 1 | M46: 확인완료
A47: 43 | B47: =IFERROR(__xludf.DUMMYFUNCTION("""COMPUTED_VALUE"""),46028.417937962964) -> 46028.418 | C47: =IFERROR(__xludf.DUMMYFUNCTION("""COMPUTED_VALUE"""),"") | D47: =IFERROR(__xludf.DUMMYFUNCTION("""COMPUTED_VALUE"""),"김시온") -> 김시온 | E47: =IFERROR(__xludf.DUMMYFUNCTION("""COMPUTED_VALUE"""),"어썸") -> 어썸 | F47: =IFERROR(__xludf.DUMMYFUNCTION("""COMPUTED_VALUE"""),"01021114021") -> 01021114021 | G47: =IFERROR(__xludf.DUMMYFUNCTION("""COMPUTED_VALUE"""),"없음") -> 없음 | H47: =IFERROR(__xludf.DUMMYFUNCTION("""COMPUTED_VALUE"""),"소규모 카페·디저트 매장을 5년 이상 살아남게 만든 현실적인 운영 방식과 매출 구조 만들기") -> 소규모 카페·디저트 매장을 5년 이상 살아남게 만든 현실적인 운영 방식과 매출 구조 만들기 | I47: =IFERROR(__xludf.DUMMYFUNCTION("""COMPUTED_VALUE"""),"카페를 시작할 때 주변에서 들을 수 있었던 이야기는 대부분 “잘 되면 이렇게 된다”는 결과 중심의 이야기였습니다. 하지만 실제 운영을 해보니, 장사는 성공보다 버티는 시간이 훨씬 중요하다는 걸 느꼈습니다. 8년간 카페를 운영하며 매출이 좋았던 시기보다 힘들었던 시기, 잘못된 선택으로 손해를 봤던 경험들이 지금의 매장을 유지하게 만든 핵심 자산이 되었습니다. 저는 화려한 성공 사례보다는 초보 사장님들이 덜 흔들리고, 덜 손해 보고, 오래 운영할 수 있"&"는 기준을 현실적인 언어로 전달하는 데 강점이 있다고 생각해 강사로 지원하게 되었습니다.") -> 카페를 시작할 때 주변에서 들을 수 있었던 이야기는 대부분 “잘 되면 이렇게 된다”는 결과 중심의 이야기였습니다. 하지만 실제 운영을 해보니, 장사는 성공보다 버티는 시간이 훨씬 중요하다는 걸 느꼈습니다. 8년간 카페를 운영하며 매출이 좋았던 시기보다 힘들었던 시기, 잘못된 선택으로 손해를 봤던 경험들이 지금의 매장을 유지하게 만든 핵심 자산이 되었습니다. 저는 화려한 성공 사례보다는 초보 사장님들이 덜 흔들리고, 덜 손해 보고, 오래 운영할 수 있는 기준을 현실적인 언어로 전달하는 데 강점이 있다고 생각해 강사로 지원하게 되었습니다. | J47: =IFERROR(__xludf.DUMMYFUNCTION("""COMPUTED_VALUE"""),"카페 운영 8년 차 연 매출 약 5억 원 규모 매장 운영 경험 배달 중심 매장에서 온라인 스마트스토어 판매 구조 신규 구축 최소 인력 운영 환경에서 고정비 절감 + 운영 효율 개선 메뉴 구성 및 가격 정책 개선을 통해 객단가 상승 경험 오프라인 매장 경험을 기반으로 냉동 제품 온라인 판매 기획 및 출시 진행") -> 카페 운영 8년 차 연 매출 약 5억 원 규모 매장 운영 경험 배달 중심 매장에서 온라인 스마트스토어 판매 구조 신규 구축 최소 인력 운영 환경에서 고정비 절감 + 운영 효율 개선 메뉴 구성 및 가격 정책 개선을 통해 객단가 상승 경험 오프라인 매장 경험을 기반으로 냉동 제품 온라인 판매 기획 및 출시 진행 | K47: =IFERROR(__xludf.DUMMYFUNCTION("""COMPUTED_VALUE"""),"지인 및 주변 자영업자에게 매장 운영 구조, 메뉴 정리, 가격 설정 방향을 공유") -> 지인 및 주변 자영업자에게 매장 운영 구조, 메뉴 정리, 가격 설정 방향을 공유 | L47: =IFERROR(__xludf.DUMMYFUNCTION("""COMPUTED_VALUE"""),"매출이 들쭉날쭉해도 매장을 바로 접지 않게 되는 운영 기준 메뉴·가격·인력 구성에서 하지 말아야 할 선택들에 대한 명확한 기준 “남들 따라 하기”가 아닌, 내 매장에 맞는 운영 판단 기준 장사를 감정이 아닌 구조로 바라보는 시각") -> 매출이 들쭉날쭉해도 매장을 바로 접지 않게 되는 운영 기준 메뉴·가격·인력 구성에서 하지 말아야 할 선택들에 대한 명확한 기준 “남들 따라 하기”가 아닌, 내 매장에 맞는 운영 판단 기준 장사를 감정이 아닌 구조로 바라보는 시각 | M47: 확인완료
A48: 44 | B48: =IFERROR(__xludf.DUMMYFUNCTION("""COMPUTED_VALUE"""),46030.107635312495) -> 46030.108 | C48: =IFERROR(__xludf.DUMMYFUNCTION("""COMPUTED_VALUE"""),"") | D48: =IFERROR(__xludf.DUMMYFUNCTION("""COMPUTED_VALUE"""),"손하연 ") -> 손하연 | E48: =IFERROR(__xludf.DUMMYFUNCTION("""COMPUTED_VALUE"""),"친절한하연쌤 ") -> 친절한하연쌤 | F48: =IFERROR(__xludf.DUMMYFUNCTION("""COMPUTED_VALUE"""),"010-8598-7943") -> 010-8598-7943 | G48: =IFERROR(__xludf.DUMMYFUNCTION("""COMPUTED_VALUE"""),"없음") -> 없음 | H48: =IFERROR(__xludf.DUMMYFUNCTION("""COMPUTED_VALUE"""),"부동산 경매를 통해 단기매도 수익화 방법 ") -> 부동산 경매를 통해 단기매도 수익화 방법 | I48: =IFERROR(__xludf.DUMMYFUNCTION("""COMPUTED_VALUE"""),"저는 두 아이를 키우며 통장 잔고에 늘 불안을 안고 살던 평범한 주부였습니다. 수없이 부업을 시도했지만 현실은 쉽게 바뀌지 않았고, 그러던 중 남편의 권유로 시작한 경매가 제 인생의 전환점이 되었습니다. ‘이게 마지막 기회일지도 모른다’라는 절박함으로 생활안정자금 대출 3,000만 원을 받아 첫 경매에 도전했고, 첫 낙찰과 첫 매도를 통해 순수익 3,000만 원을 손에 쥐게 되었습니다. 그 순간 저는 **“용기 내어 행동하면, 삶은 정말 달라질 수 있"&"다”**는 사실을 몸소 깨달았습니다. 그 작은 결심은 이후 아파트·빌라·토지 등 50건 이상의 낙찰과 수익 경험으로 이어졌고, 저는 경매를 특별한 사람만 할 수 있는 투자가 아니라 평범한 사람도 구조를 이해하면 충분히 도전할 수 있는 현실적인 방법으로 전하고 싶어졌습니다. 이러한 경험을 더 많은 분들과 나누기 위해 현재는 유튜브 채널 ‘경매특별시’를 운영하며 실제 사례 중심의 경매 이야기와 초보자 눈높이에 맞춘 콘텐츠를 꾸준히 전달하고 있습니다. 온"&"라인에서도 “처음으로 경매가 이해된다”, “현실적인 설명이라 신뢰가 간다”는 피드백을 받고 있습니다. 저의 강점은 ✔ 평범한 주부에서 시작해 지금의 자리까지 직접 걸어온 실전 경험 ✔ 이론보다 판단 기준과 리스크 관리 중심으로 설명하는 강의 방식 ✔ 불안한 초보 수강생의 마음을 깊이 이해하고 공감하는 소통력입니다. 딱쉬운경매에서 ‘친절한 하연쌤’으로 멘토링을 진행하며 단타낙찰반 회원님들을 비롯한 많은 수강생분들과 함께해 왔고, 저는 정답을 제시하는 "&"강사보다 수강생이 스스로 결정하고 포기하지 않도록 옆에서 돕는 멘토형 강사를 지향해 왔습니다. 핏크닉은 단순한 정보 전달을 넘어 수강생의 실행과 성장을 이끄는 클래스라고 생각합니다. 제가 걸어온 과정과 강의 철학은 핏크닉의 방향성과 맞닿아 있으며, “나도 할 수 있을까?”라는 질문에 “당신도 충분히 할 수 있다”는 확신을 전하는 강사로 기여하고 싶어 지원하게 되었습니다.") -> 저는 두 아이를 키우며 통장 잔고에 늘 불안을 안고 살던 평범한 주부였습니다. 수없이 부업을 시도했지만 현실은 쉽게 바뀌지 않았고, 그러던 중 남편의 권유로 시작한 경매가 제 인생의 전환점이 되었습니다. ‘이게 마지막 기회일지도 모른다’라는 절박함으로 생활안정자금 대출 3,000만 원을 받아 첫 경매에 도전했고, 첫 낙찰과 첫 매도를 통해 순수익 3,000만 원을 손에 쥐게 되었습니다. 그 순간 저는 **“용기 내어 행동하면, 삶은 정말 달라질 수 있다”**는 사실을 몸소 깨달았습니다. 그 작은 결심은 이후 아파트·빌라·토지 등 50건 이상의 낙찰과 수익 경험으로 이어졌고, 저는 경매를 특별한 사람만 할 수 있는 투자가 아니라 평범한 사람도 구조를 이해하면 충분히 도전할 수 있는 현실적인 방법으로 전하고 싶어졌습니다. 이러한 경험을 더 많은 분들과 나누기 위해 현재는 유튜브 채널 ‘경매특별시’를 운영하며 실제 사례 중심의 경매 이야기와 초보자 눈높이에 맞춘 콘텐츠를 꾸준히 전달하고 있습니다. 온라인에서도 “처음으로 경매가 이해된다”, “현실적인 설명이라 신뢰가 간다”는 피드백을 받고 있습니다. 저의 강점은 ✔ 평범한 주부에서 시작해 지금의 자리까지 직접 걸어온 실전 경험 ✔ 이론보다 판단 기준과 리스크 관리 중심으로 설명하는 강의 방식 ✔ 불안한 초보 수강생의 마음을 깊이 이해하고 공감하는 소통력입니다. 딱쉬운경매에서 ‘친절한 하연쌤’으로 멘토링을 진행하며 단타낙찰반 회원님들을 비롯한 많은 수강생분들과 함께해 왔고, 저는 정답을 제시하는 강사보다 수강생이 스스로 결정하고 포기하지 않도록 옆에서 돕는 멘토형 강사를 지향해 왔습니다. 핏크닉은 단순한 정보 전달을 넘어 수강생의 실행과 성장을 이끄는 클래스라고 생각합니다. 제가 걸어온 과정과 강의 철학은 핏크닉의 방향성과 맞닿아 있으며, “나도 할 수 있을까?”라는 질문에 “당신도 충분히 할 수 있다”는 확신을 전하는 강사로 기여하고 싶어 지원하게 되었습니다. | J48: =IFERROR(__xludf.DUMMYFUNCTION("""COMPUTED_VALUE"""),"부동산 경매로 순자산 50억") -> 부동산 경매로 순자산 50억 | K48: =IFERROR(__xludf.DUMMYFUNCTION("""COMPUTED_VALUE"""),"1000명이상 회원님 멘토링 통해 300건 이상 낙찰 성공! 이후 매도해 수익까지 달성 ") -> 1000명이상 회원님 멘토링 통해 300건 이상 낙찰 성공! 이후 매도해 수익까지 달성 | L48: =IFERROR(__xludf.DUMMYFUNCTION("""COMPUTED_VALUE"""),"경매 한건으로 초년생 연봉벌기!") -> 경매 한건으로 초년생 연봉벌기! | M48: 확인완료
A49: 45 | B49: =IFERROR(__xludf.DUMMYFUNCTION("""COMPUTED_VALUE"""),46030.710291180556) -> 46030.71 | C49: =IFERROR(__xludf.DUMMYFUNCTION("""COMPUTED_VALUE"""),"") | D49: =IFERROR(__xludf.DUMMYFUNCTION("""COMPUTED_VALUE"""),"최송복") -> 최송복 | E49: =IFERROR(__xludf.DUMMYFUNCTION("""COMPUTED_VALUE"""),"파티플래너최") -> 파티플래너최 | F49: =IFERROR(__xludf.DUMMYFUNCTION("""COMPUTED_VALUE"""),"010-4107-2852") -> 010-4107-2852 | G49: =IFERROR(__xludf.DUMMYFUNCTION("""COMPUTED_VALUE"""),"협회 오프라인강의ㅡhttp://kpec.org/bbs/content.php?co_id=edu_one02") -> 협회 오프라인강의ㅡhttp://kpec.org/bbs/content.php?co_id=edu_one02 | H49: =IFERROR(__xludf.DUMMYFUNCTION("""COMPUTED_VALUE"""),"일주일에 하루만 일해도, 월 500만 원 수익을 목표로 할 수 있는 파티스타일링 실전 수익 구조 강의 본 강의는 파티스타일링을 감성이나 취미가 아닌, 행사 1건 단위로 수익을 설계하는 비즈니스 모델로 다룹니다. 소규모 프라이빗 행사에서 시작해 행사 1건당 1천만 원에서 최대 5천만 원 규모의 기업 행사까지 단계적으로 확장할 수 있는 구조를 실전 중심으로 전달합니다. 전문가가 아니어도 시작할 수 있도록, 사전 경력이나 고가 장비 없이도 적용 가능한 구조를"&" 중심으로 구성된 강의입니다.") -> 일주일에 하루만 일해도, 월 500만 원 수익을 목표로 할 수 있는 파티스타일링 실전 수익 구조 강의 본 강의는 파티스타일링을 감성이나 취미가 아닌, 행사 1건 단위로 수익을 설계하는 비즈니스 모델로 다룹니다. 소규모 프라이빗 행사에서 시작해 행사 1건당 1천만 원에서 최대 5천만 원 규모의 기업 행사까지 단계적으로 확장할 수 있는 구조를 실전 중심으로 전달합니다. 전문가가 아니어도 시작할 수 있도록, 사전 경력이나 고가 장비 없이도 적용 가능한 구조를 중심으로 구성된 강의입니다. | I49: =IFERROR(__xludf.DUMMYFUNCTION("""COMPUTED_VALUE"""),"핏크닉은 단순한 정보 전달이 아니라 실제로 실행하고 수익으로 이어질 수 있는 콘텐츠를 중시하는 플랫폼이라고 생각했습니다. 저는 파티스타일링 현장에서 오랜 시간 활동하며 ‘예쁘게 꾸미는 기술’보다 어떻게 수익 구조를 설계하느냐가 더 중요하다는 것을 체감해왔고, 이 경험을 체계화해 전달할 수 있는 곳이 핏크닉이라고 판단해 지원하게 되었습니다. 저의 강점은 현장에서 검증된 구조만을 바탕으로 초보자도 바로 적용할 수 있도록 단순화해 설명하는 능력입니다. 실행 "&"중심, 숫자 중심으로 강의를 구성하여 수강생이 막연한 기대가 아닌 현실적인 첫 수익을 경험할 수 있도록 돕는 것이 제 강의 방향입니다.") -> 핏크닉은 단순한 정보 전달이 아니라 실제로 실행하고 수익으로 이어질 수 있는 콘텐츠를 중시하는 플랫폼이라고 생각했습니다. 저는 파티스타일링 현장에서 오랜 시간 활동하며 ‘예쁘게 꾸미는 기술’보다 어떻게 수익 구조를 설계하느냐가 더 중요하다는 것을 체감해왔고, 이 경험을 체계화해 전달할 수 있는 곳이 핏크닉이라고 판단해 지원하게 되었습니다. 저의 강점은 현장에서 검증된 구조만을 바탕으로 초보자도 바로 적용할 수 있도록 단순화해 설명하는 능력입니다. 실행 중심, 숫자 중심으로 강의를 구성하여 수강생이 막연한 기대가 아닌 현실적인 첫 수익을 경험할 수 있도록 돕는 것이 제 강의 방향입니다. | J49: =IFERROR(__xludf.DUMMYFUNCTION("""COMPUTED_VALUE"""),"•파티·이벤트 업계 경력 9년 차 •개인사업자 전환 1년 차에 연매출 1억 2천만 원 달성 •프라이빗 및 기업 행사 기준 행사 1건당 매출 1천만 원 ~ 최대 5천만 원 규모 다수 진행 •월 1~2회 행사 운영만으로 월 순수익 500만 원 이상 구조를 반복적으로 운영 •지난달 기준 행사 1건 진행, 매출 약 900만 원 •삼성, LG 등 대기업 행사 및 VIP·프라이빗 행사 다수 수행 •KBS 「생생정보통」, SBS 「모닝와이드」 출연 •2024년 창업"&"진흥원 지원사업 선정 •한국파티이벤트협회 소속 활동 •재단·복지기관·학교 등 다수 교육 진행") -> •파티·이벤트 업계 경력 9년 차 •개인사업자 전환 1년 차에 연매출 1억 2천만 원 달성 •프라이빗 및 기업 행사 기준 행사 1건당 매출 1천만 원 ~ 최대 5천만 원 규모 다수 진행 •월 1~2회 행사 운영만으로 월 순수익 500만 원 이상 구조를 반복적으로 운영 •지난달 기준 행사 1건 진행, 매출 약 900만 원 •삼성, LG 등 대기업 행사 및 VIP·프라이빗 행사 다수 수행 •KBS 「생생정보통」, SBS 「모닝와이드」 출연 •2024년 창업진흥원 지원사업 선정 •한국파티이벤트협회 소속 활동 •재단·복지기관·학교 등 다수 교육 진행 | K49: =IFERROR(__xludf.DUMMYFUNCTION("""COMPUTED_VALUE"""),"강의 수강 후 파티 관련 부업으로 시작한 수강생이 실행 구조를 적용해 바로 월 매출 1천만원 사례가 있습니다") -> 강의 수강 후 파티 관련 부업으로 시작한 수강생이 실행 구조를 적용해 바로 월 매출 1천만원 사례가 있습니다 | L49: =IFERROR(__xludf.DUMMYFUNCTION("""COMPUTED_VALUE"""),"월1회의 행사 운영만으로 월 500만 원 수준의 수익을 목표로 하는 구조를 설계할 수 있어 부업으로 시작할 수 있습니다.") -> 월1회의 행사 운영만으로 월 500만 원 수준의 수익을 목표로 하는 구조를 설계할 수 있어 부업으로 시작할 수 있습니다. | M49: 확인완료
A50: 46 | B50: =IFERROR(__xludf.DUMMYFUNCTION("""COMPUTED_VALUE"""),46031.48369822917) -> 46031.484 | C50: =IFERROR(__xludf.DUMMYFUNCTION("""COMPUTED_VALUE"""),"") | D50: =IFERROR(__xludf.DUMMYFUNCTION("""COMPUTED_VALUE"""),"안영덕") -> 안영덕 | E50: =IFERROR(__xludf.DUMMYFUNCTION("""COMPUTED_VALUE"""),"안이사") -> 안이사 | F50: =IFERROR(__xludf.DUMMYFUNCTION("""COMPUTED_VALUE"""),"01022944218") -> 01022944218 | G50: =IFERROR(__xludf.DUMMYFUNCTION("""COMPUTED_VALUE"""),"있음(""있음""을 체크하셨다면, 기타에 강의를 진행하고 계신 사이트의 링크 넣어주세요)") -> 있음("있음"을 체크하셨다면, 기타에 강의를 진행하고 계신 사이트의 링크 넣어주세요) | H50: =IFERROR(__xludf.DUMMYFUNCTION("""COMPUTED_VALUE"""),"AI 구매대행으로 수익 창출 자동화") -> AI 구매대행으로 수익 창출 자동화 | I50: =IFERROR(__xludf.DUMMYFUNCTION("""COMPUTED_VALUE"""),"사용자 확보를 위해 지원하였습니다. 월 매출 5천만원을 달성해본 이력으로 구매대행에 전반적인 흐름과 이슈를 분석하여 내부 알고리즘을 통한다면 누구나 수익 창출을 할 수 있게 만들 수 있습니다.") -> 사용자 확보를 위해 지원하였습니다. 월 매출 5천만원을 달성해본 이력으로 구매대행에 전반적인 흐름과 이슈를 분석하여 내부 알고리즘을 통한다면 누구나 수익 창출을 할 수 있게 만들 수 있습니다. | J50: =IFERROR(__xludf.DUMMYFUNCTION("""COMPUTED_VALUE"""),"구매대행 월 5천만원 매출 달성") -> 구매대행 월 5천만원 매출 달성 | K50: =IFERROR(__xludf.DUMMYFUNCTION("""COMPUTED_VALUE"""),"현재 14명의 수강생과 확보 고객으로 매출을 만들고 있습니다. 수강생 월 천만원 매출 달성") -> 현재 14명의 수강생과 확보 고객으로 매출을 만들고 있습니다. 수강생 월 천만원 매출 달성 | L50: =IFERROR(__xludf.DUMMYFUNCTION("""COMPUTED_VALUE"""),"AI 구매대행 자동화 솔루션으로 월 수익 100만원 창출") -> AI 구매대행 자동화 솔루션으로 월 수익 100만원 창출 | M50: 확인완료
A51: 47 | B51: =IFERROR(__xludf.DUMMYFUNCTION("""COMPUTED_VALUE"""),46034.338050335646) -> 46034.338 | C51: =IFERROR(__xludf.DUMMYFUNCTION("""COMPUTED_VALUE"""),"") | D51: =IFERROR(__xludf.DUMMYFUNCTION("""COMPUTED_VALUE"""),"박윤희") -> 박윤희 | E51: =IFERROR(__xludf.DUMMYFUNCTION("""COMPUTED_VALUE"""),"박하늘") -> 박하늘 | F51: =IFERROR(__xludf.DUMMYFUNCTION("""COMPUTED_VALUE"""),"01051625445") -> 01051625445 | G51: =IFERROR(__xludf.DUMMYFUNCTION("""COMPUTED_VALUE"""),"있음(""있음""을 체크하셨다면, 기타에 강의를 진행하고 계신 사이트의 링크 넣어주세요)") -> 있음("있음"을 체크하셨다면, 기타에 강의를 진행하고 계신 사이트의 링크 넣어주세요) | H51: =IFERROR(__xludf.DUMMYFUNCTION("""COMPUTED_VALUE"""),"구매대행과 Ai를 활용한 수익화 방법") -> 구매대행과 Ai를 활용한 수익화 방법 | I51: =IFERROR(__xludf.DUMMYFUNCTION("""COMPUTED_VALUE"""),"현 대학 강사를 하고있지만 수입에 어려움으로 생활고를 겪고 있습니다. 저와 같은 어려음을 가지신 분들에게 희망을 주고싶습니다.") -> 현 대학 강사를 하고있지만 수입에 어려움으로 생활고를 겪고 있습니다. 저와 같은 어려음을 가지신 분들에게 희망을 주고싶습니다. | J51: =IFERROR(__xludf.DUMMYFUNCTION("""COMPUTED_VALUE"""),"전혀 없습니다. ") -> 전혀 없습니다. | K51: =IFERROR(__xludf.DUMMYFUNCTION("""COMPUTED_VALUE"""),"전혀 없습니다. 그래도 가능한가요?") -> 전혀 없습니다. 그래도 가능한가요? | L51: =IFERROR(__xludf.DUMMYFUNCTION("""COMPUTED_VALUE"""),"쿠팡 외 수익창출") -> 쿠팡 외 수익창출 | M51: 확인완료
A52: 48 | B52: =IFERROR(__xludf.DUMMYFUNCTION("""COMPUTED_VALUE"""),46035.5646375) -> 46035.565 | C52: =IFERROR(__xludf.DUMMYFUNCTION("""COMPUTED_VALUE"""),"") | D52: =IFERROR(__xludf.DUMMYFUNCTION("""COMPUTED_VALUE"""),"이윤민") -> 이윤민 | E52: =IFERROR(__xludf.DUMMYFUNCTION("""COMPUTED_VALUE"""),"이코미114") -> 이코미114 | F52: =IFERROR(__xludf.DUMMYFUNCTION("""COMPUTED_VALUE"""),"010-7292-2582") -> 010-7292-2582 | G52: =IFERROR(__xludf.DUMMYFUNCTION("""COMPUTED_VALUE"""),"현재 2군대 합격했습니다. 비교하고있습니다. ") -> 현재 2군대 합격했습니다. 비교하고있습니다. | H52: =IFERROR(__xludf.DUMMYFUNCTION("""COMPUTED_VALUE"""),"https://pf.kakao.com/_SxlAnG") -> https://pf.kakao.com/_SxlAnG | I52: =IFERROR(__xludf.DUMMYFUNCTION("""COMPUTED_VALUE"""),"쿠팡 그로스로 1등찍어서 강사로도 1등찍고싶습니다.") -> 쿠팡 그로스로 1등찍어서 강사로도 1등찍고싶습니다. | J52: =IFERROR(__xludf.DUMMYFUNCTION("""COMPUTED_VALUE"""),"쿠팡 연매출 88억 1인 사업자 (쿠팡그로스 최강자) 3년 누적매출 170억") -> 쿠팡 연매출 88억 1인 사업자 (쿠팡그로스 최강자) 3년 누적매출 170억 | K52: =IFERROR(__xludf.DUMMYFUNCTION("""COMPUTED_VALUE"""),"첫강의 ") -> 첫강의 | L52: =IFERROR(__xludf.DUMMYFUNCTION("""COMPUTED_VALUE"""),"1. 쿠팡 부업을 통해 50만원 정도의 순이익") -> 1. 쿠팡 부업을 통해 50만원 정도의 순이익 | M52: 확인완료
A53: 49 | B53: =IFERROR(__xludf.DUMMYFUNCTION("""COMPUTED_VALUE"""),46037.52405072917) -> 46037.524 | C53: =IFERROR(__xludf.DUMMYFUNCTION("""COMPUTED_VALUE"""),"") | D53: =IFERROR(__xludf.DUMMYFUNCTION("""COMPUTED_VALUE"""),"최호남") -> 최호남 | E53: =IFERROR(__xludf.DUMMYFUNCTION("""COMPUTED_VALUE"""),"최대장") -> 최대장 | F53: =IFERROR(__xludf.DUMMYFUNCTION("""COMPUTED_VALUE"""),"010-8436-2206") -> 010-8436-2206 | G53: =IFERROR(__xludf.DUMMYFUNCTION("""COMPUTED_VALUE"""),"네이버 카페를 운영하면서 자동차 커뮤니티 운영자로 활동중이며 자영업자분들을 대상으로 소상공인 교육을 진행했었고 엘지유플러스 TM매니저로 근무했었던 이력이 있습니다") -> 네이버 카페를 운영하면서 자동차 커뮤니티 운영자로 활동중이며 자영업자분들을 대상으로 소상공인 교육을 진행했었고 엘지유플러스 TM매니저로 근무했었던 이력이 있습니다 | H53: =IFERROR(__xludf.DUMMYFUNCTION("""COMPUTED_VALUE"""),"자영업 마케팅 자동화 방법 (플레이스,당근,인스타,쓰레드)") -> 자영업 마케팅 자동화 방법 (플레이스,당근,인스타,쓰레드) | I53: =IFERROR(__xludf.DUMMYFUNCTION("""COMPUTED_VALUE"""),"안녕하세요. 지인의 소개로 머니테이커님을 알고있었고 블로그 관련 강의에도 참여했었습니다. 자영업자분들을 대상으로 코칭하고있지만 조금더 큰 강연에도 도전해보고싶어서 지원하게됐습니다") -> 안녕하세요. 지인의 소개로 머니테이커님을 알고있었고 블로그 관련 강의에도 참여했었습니다. 자영업자분들을 대상으로 코칭하고있지만 조금더 큰 강연에도 도전해보고싶어서 지원하게됐습니다 | J53: =IFERROR(__xludf.DUMMYFUNCTION("""COMPUTED_VALUE"""),"현재 마케팅 대행사 운영중 (연3억), 네이버 대표카페 3개 달성,") -> 현재 마케팅 대행사 운영중 (연3억), 네이버 대표카페 3개 달성, | K53: =IFERROR(__xludf.DUMMYFUNCTION("""COMPUTED_VALUE"""),"자영업 평균 매출 500~1천만원 이상 성장") -> 자영업 평균 매출 500~1천만원 이상 성장 | L53: =IFERROR(__xludf.DUMMYFUNCTION("""COMPUTED_VALUE"""),"마케팅에 관한 지식을 쌓고 직접 마케팅을 진행할수있습니다") -> 마케팅에 관한 지식을 쌓고 직접 마케팅을 진행할수있습니다 | M53: 확인완료
A54: 50 | B54: =IFERROR(__xludf.DUMMYFUNCTION("""COMPUTED_VALUE"""),46041.097654247686) -> 46041.098 | C54: =IFERROR(__xludf.DUMMYFUNCTION("""COMPUTED_VALUE"""),"") | D54: =IFERROR(__xludf.DUMMYFUNCTION("""COMPUTED_VALUE"""),"조헌탁") -> 조헌탁 | E54: =IFERROR(__xludf.DUMMYFUNCTION("""COMPUTED_VALUE"""),"머니야") -> 머니야 | F54: =IFERROR(__xludf.DUMMYFUNCTION("""COMPUTED_VALUE"""),"01044284077") -> 01044284077 | G54: =IFERROR(__xludf.DUMMYFUNCTION("""COMPUTED_VALUE"""),"숨고 2개월차 1:1레슨") -> 숨고 2개월차 1:1레슨 | H54: =IFERROR(__xludf.DUMMYFUNCTION("""COMPUTED_VALUE"""),"유튜브수익승인채널증정및크리에이터 Ai레슨") -> 유튜브수익승인채널증정및크리에이터 Ai레슨 | I54: =IFERROR(__xludf.DUMMYFUNCTION("""COMPUTED_VALUE"""),"숨고2개월차인데 월매출2천 나왔습니다. 1:1하다가 우연히 5명 그룹레슨하니 매출이 좋더군요. 그래서 수강생 잘 모아 줄곳을 찾다가 이곳 지원하게 되었습니다.") -> 숨고2개월차인데 월매출2천 나왔습니다. 1:1하다가 우연히 5명 그룹레슨하니 매출이 좋더군요. 그래서 수강생 잘 모아 줄곳을 찾다가 이곳 지원하게 되었습니다. | J54: =IFERROR(__xludf.DUMMYFUNCTION("""COMPUTED_VALUE"""),"네이버에서 조헌탁 치면 제 저서와 이력 나옵니다. 스토리 텔링 다말하긴 어렵지만 나름 화려") -> 네이버에서 조헌탁 치면 제 저서와 이력 나옵니다. 스토리 텔링 다말하긴 어렵지만 나름 화려 | K54: =IFERROR(__xludf.DUMMYFUNCTION("""COMPUTED_VALUE"""),"수익채널 받은 분들은 하나같이 수익 냅니다. 얼마 버는지는 일일이 확인은 안했습니다. 강의료가 200인데 별5개 꼬박 주는 거 보면 다들 만족 중인듯 합니다.(숨고)") -> 수익채널 받은 분들은 하나같이 수익 냅니다. 얼마 버는지는 일일이 확인은 안했습니다. 강의료가 200인데 별5개 꼬박 주는 거 보면 다들 만족 중인듯 합니다.(숨고) | L54: =IFERROR(__xludf.DUMMYFUNCTION("""COMPUTED_VALUE"""),"수익채널 바로 확보. Ai활용한 유튜브운영 습득 및 자동화 습득") -> 수익채널 바로 확보. Ai활용한 유튜브운영 습득 및 자동화 습득 | M54: 확인완료
A55: 51 | B55: =IFERROR(__xludf.DUMMYFUNCTION("""COMPUTED_VALUE"""),46050.20053758102) -> 46050.201 | C55: =IFERROR(__xludf.DUMMYFUNCTION("""COMPUTED_VALUE"""),"") | D55: =IFERROR(__xludf.DUMMYFUNCTION("""COMPUTED_VALUE"""),"박성열") -> 박성열 | E55: =IFERROR(__xludf.DUMMYFUNCTION("""COMPUTED_VALUE"""),"이지하우스") -> 이지하우스 | F55: =IFERROR(__xludf.DUMMYFUNCTION("""COMPUTED_VALUE"""),"01067879188") -> 01067879188 | G55: =IFERROR(__xludf.DUMMYFUNCTION("""COMPUTED_VALUE"""),"있음(""있음""을 체크하셨다면, 기타에 강의를 진행하고 계신 사이트의 링크 넣어주세요)") -> 있음("있음"을 체크하셨다면, 기타에 강의를 진행하고 계신 사이트의 링크 넣어주세요) | H55: =IFERROR(__xludf.DUMMYFUNCTION("""COMPUTED_VALUE"""),"이지 쇼핑몰") -> 이지 쇼핑몰 | I55: =IFERROR(__xludf.DUMMYFUNCTION("""COMPUTED_VALUE"""),"재능없는 사람을 위한 쇼핑몰운영") -> 재능없는 사람을 위한 쇼핑몰운영 | J55: =IFERROR(__xludf.DUMMYFUNCTION("""COMPUTED_VALUE"""),"연매출10억.현장설비팀구축.특허 제조업.벤처기업") -> 연매출10억.현장설비팀구축.특허 제조업.벤처기업 | K55: =IFERROR(__xludf.DUMMYFUNCTION("""COMPUTED_VALUE"""),"잘나가는서과장 대량구매대행 강의 전 기획자") -> 잘나가는서과장 대량구매대행 강의 전 기획자 | L55: =IFERROR(__xludf.DUMMYFUNCTION("""COMPUTED_VALUE"""),"자기만의 사업 아이템. 먹고살수는 있는 수익화") -> 자기만의 사업 아이템. 먹고살수는 있는 수익화 | M55: 확인완료
